super_cluster_id,network_count,creator_count,root_addresses,risk_level
net_00647,23,152,"1ustwKGbFXLKcWmpMrTZ9hF52Gx4ScrU7p7hHNpxJCD,2snHHreXbpJ7UwZxPe37gnUNf7Wx7wv6UKDSR2JckKuS,3sNEDcgLQuJfiqHDdLZEtCa2pgkTz1dnsbzX6poAsM7x",CRITICAL
net_00124,14,36,"3vWvPMyTNvTAwv4CT55SRwkWeXUzXs8p2tndj1bULi6h,3yhz3eNiuk3sjM9gcUmv2odm4mbFYu3qtRaTyuy6Tk8D,4DCichV6UEKCDaWZbu1yiZYZPiJVDz2LXjHWBvCQ88EQ",HIGH
net_00037,42,17,"2MJ4bbZBtP4VCYg4mNAjbzMFKd1iKL518dwhPswc4xFW,2fiPirkoCER1225tb66K8NPcRkbXchy3sarQLTUh6wAA,2pzf4B9iyc6sxbCeMBxfca4tEycGGFCgHUegDd41mKc1",MEDIUM
net_00049,15,15,"2aSQBv8XYEFE3WvcnzQaSUL2sMYZQvUv7C4Xv5At5nUz,31BLf7i9GZCWjvaYiUpubUppQin6DK4tYkHfTmjRQADL,4e38oDZGys8VUNBiX4rhHCvW7tPFq6z868e9CvVD48Hy",MEDIUM
net_00031,22,12,"2Jxfw3X4aYQCsPMU4YETqSCjA1bMeeZmy7eKpKoe7YTS,2g98XuK3PGeiei5jxmghLREc4E2xAqw7TviuB9SZ69Sa,3KTfnzh8gMWFqo9NSf6oxX3utjjqFhZmLemtGVTVdK5S",MEDIUM
net_00028,38,11,"2HD1qioVUD841twEjWG9NUd8W2gxt4NuGwxHmF3bMxsx,2HcFC8Ny4nPC4jn4uBRsZTKkxQrKFh7QbgRb4QbKUbY6,2KeeVYw73LsXbpvYAtm2njDBYLc3rZK1vkutH41ZQ8Vi",MEDIUM
net_00502,1,10,AAAA8oj1FNQztCxt4oXut2UbD8PaEL5kSNjJUfJeYAAA,MEDIUM
net_00526,35,9,"2JqCBJ9Bjh8MN38zRbktuw7NTgEUrNuLRJ43Tsh2DzRu,2s9iEvv2VNPmGDUNz88rNfLMXLASYmdSW4JjbDjhqDHJ,2tEDfvRVD4XQe77yizGAuxoduF3AF7GKfuiPRb5PvRjD",MEDIUM
net_00592,1,8,BiPEuS6xJdRqsJzAgSKYqJ1jtWvL7ihJm3VjnSD6SPkJ,MEDIUM
net_00800,1,7,Ez2jYoXp45DZxr7JVhiqbDNirgBT37MErjZGxA8jZkTf,MEDIUM
net_00084,1,7,39azUYFWPz3VHgKCf3VChUwbpURdCHRxjWVowf5jUJjg,MEDIUM
net_00258,1,7,69SNcRC8NqjHBSXEcugCN5oFKRQoKmddmWzZYc3tqtxk,MEDIUM
net_00728,1,7,DkpMvCWwdNZL5UScy1eKjMkQCsyeFjhMLG2WTtmE9zQ2,MEDIUM
net_00021,44,7,"2CoXdWvWT6vDzkfgAG1v45Eb2R8Q3Yupnu8gvU9AU65k,3JQG1bJj1nK8x25iH1SMcrtDNnxJFitM32eiEnKgkKmz,3JQxj2f8JJmgexxmpL1MzHdJ8pE29S7NN5EZEGBnQSmz",MEDIUM
net_00882,1,7,GTAbrrpHy63U1ipynjb4jGppyo2Te6LLKBzH3jsN88Nk,MEDIUM
net_00679,1,7,D5dtjfGj9PhWsqKjepxFSAnRMrADrYfGPWjVwZSoapKe,MEDIUM
net_00194,1,6,5F1seMKUqSNhv45f6FhB2cFmgJbk8U1avJw7M6TexUq1,MEDIUM
net_01094,1,6,u6PJ8DtQuPFnfmwHbGFULQ4u4EgjDiyYKjVEsynXq2w,MEDIUM
net_01051,1,6,Tw5uhE2uyApRCt9LqN6qMSiEeLYvzvC3P5ToEvTeGEi,MEDIUM
net_00280,1,6,6TYDxGmVxkBPBmEfnmLXx6jVff9LknsjRHqdTjVyZmG8,MEDIUM
net_00969,1,6,HugksxcSGZnhfTuLuwnP38E94FX3HjWZfiNjiXSdx6Yh,MEDIUM
net_00752,1,6,E8oha6AYKZhSjAMS6Ek8CkWkaNu34qfipidYf6uqruVe,MEDIUM
net_00750,1,6,E7QWcf4nnYWTZ9JT4QAYA8yHD2fAWFpsuBiaSdC1f6H2,MEDIUM
net_00698,1,6,DQApNebkK5wCmy92T5c4Z9NePWjP7dC4avpLMzuxadxR,MEDIUM
net_00442,1,5,97V26zCSXhBRSGsnfK4dTai8sd34UHQkA3G7jS9MG9BC,LOW
net_00472,1,5,9anmiHy6TQsoeLdBty2EExZqUYiKYeWSjaRoznRBCu5G,LOW
net_01064,1,5,beatXW1PmeVVXxebbyLuc3uKy2Vj8mt6vedBhP9AYXo,LOW
net_01082,1,5,niggerd597QYedtvjQDVHZTCCGyJrwHNm2i49dkm5zS,LOW
net_00318,1,5,77G5SpvcrZehWyQfH6E9K2pnWivD3iAKD5frVFL22UQk,LOW
net_00245,1,5,61NP6BpRMtaFDT32y4zoLcMPn4HJqZ8GHaXxw5fujVb7,LOW
net_00385,1,5,8BoUQFP3rZXfimroYdPg1pWs4MQQgdzcSx6ZVznQwb1k,LOW
net_00776,1,5,EYnrRcrv7fZLjpFmkNfbYSRd6ALrXanBCkezAxqAuzVD,LOW
net_00704,1,5,DTwErSmzVysix3n44nUwxcQ9Fi37cH22fh52dQrnM84n,LOW
net_01086,1,5,po27vzv7pSZYsroDopmGVVBVAqxg4GcyZXxmCkoejFB,LOW
net_00482,1,5,9oieEBu7gprdMmWrSKQFMk48DiCa3AH2edY2eZn8ortJ,LOW
net_00024,33,5,"2F51LVLoTW3XppptNKg3TqQ8ph34u5FihUdi1Gk4GymJ,2Fj1wUcfTKZbMJinjyesMyQTS4iNkZJfHaYLYdhxW2HU,2K4uPSXAyimDRAPXcH88FJNYWVKgTbUtSMBe5BTyNWpD",LOW
net_00373,1,5,82cVqidX9qrbxG5JJgJp4bgHgo3at8op6EoYuczmMmRo,LOW
net_00744,1,4,E35uoEGT6mR2ae94KNuSfk4X86y7bcNeomDNV4T7GaFs,LOW
net_00324,1,4,7Aktdr9gd2aJ3D4irQtmxunwxpSVt86JVguxsnPfqV5b,LOW
net_00325,1,4,7E3DncvkYn72hbHehkgsmt1YE8X5UMfNUXF5dkoWremv,LOW
net_00312,1,4,7125nCF4kQukocAJX9YDKDCPZSXp4szXdjiYov4EurDq,LOW
net_00464,1,4,9Sk8BPKJZjRRaA6LXnyawzcPBF1xu9UdZ7HnU3453LXe,LOW
net_00380,1,4,87gigQMNk37QDooYKmuU3mwGdf7RZ1ZJkSiaoedwctJ,LOW
net_00364,1,4,7q5CwzcyzPK6pZK4igkWX3uNWjTpmbAjwtS9p9RR6kgT,LOW
net_00372,1,4,7zCrRn7ohUhvqUUNGs9rUk5xJp97j838ZtKgPdREcZcu,LOW
net_00879,1,4,GQy3JvLnkUpvk3bZNA73jhGnPw2Xfe8xBCFsPPYApBY1,LOW
net_00397,1,4,8NVCVo7euEeanhDyWqtyw9rkWep5FxFGQH7sa1PvE8Ko,LOW
net_00456,1,4,9Lrc9p5LauK9jeSrgTMUYPC3DYBo7EAHvzMaxVbF7msp,LOW
net_00299,1,4,6pzGyhKG4LKrLCKdtp9Q5xFd3QEX5N1JZuHqKkgmRVn6,LOW
net_00432,1,4,8udAaPL4nrsAMKeAtsYd2Jga4Ag7eyX8fp7qifugwmoY,LOW
net_00433,1,4,8wPcTPS6vH3MSJML7aitKvv3hzdqowsmQ4X6RcGYK6EZ,LOW
net_00310,1,4,6xLfgtf8FustSURhoc1BPQxR8oDydsY81p46Lz21fzbD,LOW
net_00198,1,4,5HQZd9ovzAF1TLnHRAq1zcSnXC9HAp3EwhoxMHvo8rxB,LOW
net_00283,1,4,6VsMQKFmT5dX7wtdkS1rEZevQzSjVvDYX3AUBvzk5jQg,LOW
net_00129,1,4,3zDL7jxoESzV5GV9aSC17Pxt6CuNswJBKo7jGZddH8N8,LOW
net_00570,1,4,BSAySiyFFkd48psFEwPWDYpx3kDDNLtmnntXPaJG3ZHn,LOW
net_00019,1,4,2CMLoESxoGbUjPkSg46igdZUtrgHhYCzhpY98wWqAzg4,LOW
net_00040,1,4,2PZ5vdi6pNLVv3K3MRWHRKwnarB92ETTYSXaikDYXcNR,LOW
net_00047,1,4,2Yk2bbeJEMSAp4D5HgFEQTimN7cQjiyYx4fS9p9fXw46,LOW
net_00048,1,4,2aPtuD1p98AgAqaKXdr6MiMKDerrJV7yo5jWPJinVkXC,LOW
net_00058,1,4,2kYE1ULquzCaWRAwHEkyjzs89TNu2Rp7PBeGGN52JZKL,LOW
net_00065,1,4,2rm9Z3EFviZsu46mma1FjsPuxYTh8n53sc6tJzaZgBbk,LOW
net_00460,1,4,9PGpTLxTUV3HZgDbLokaCkP1n8oKNcPKk8uqzxsTKWJj,LOW
net_00117,1,4,3mPS9F5Jo4TH32ks5cavayspdZpjgGX366fT3UpHY3K2,LOW
net_00151,1,4,4MvEdxTB2CTKYuiZTn2URrCumSFABbZZddEVFGFNZzxb,LOW
net_00278,1,4,6S9p357LBZhTToTpLSjvQut6hQe2rcmDzLNScUQFxU4T,LOW
net_00248,1,4,62qEWURTpb8RNqoPCrjaoRcfU4PneigVKbiuGtin2Wb4,LOW
net_00180,1,4,51BQM8XnuWXk9bvyXE7wEC2amzA3KqjAENHcdXuX4q9V,LOW
net_00479,1,4,9iDBG1JfbZpDokwVjTmLm1CmKcRpg7edCyJn5Dass6nj,LOW
net_00199,1,4,5JiZcx2vS9pCqU88wVP48tbEZnvFN5FSBLgLMcwKLUFp,LOW
net_00206,1,4,5NcgNDkgpviy4X9jK938HAqJPUGEtS7pdhvTX5ntUsTT,LOW
net_00208,1,4,5S3PMpMJ1cPVkaqcRiC6ZUR6aJErmzUtFiXxnVYndP15,LOW
net_00242,1,4,5xQn1GbKv3gMoHSCGTFJJpDWDy1JHJEpKKfeS1rjgn3R,LOW
net_00269,1,4,6LAeMeYvyo9aZSgVS6GGeUAj3rbae9okVot48i3gdttu,LOW
net_00276,1,4,6S8DhgTsdHAXM4kjS1DsBzHjxYG9ZSHLnCFr4ZYt6jiw,LOW
net_00468,1,4,9Wwov6tjPJyRn9nA9wyp2f3bBQfgVeN9sQH1CRPzV3SQ,LOW
net_00022,1,4,2E8pj1XKXE9H6sKJc1bP4W9MuhpKUTDjJtXssu68PgUE,LOW
net_00510,1,4,AGF23prPDo2LMQvVeWZTeAwXcHeAzX6zYvCgQn2sfcY3,LOW
net_00899,1,4,Gj8ZAwUGkP41CzXMgdumf9j3H4HqP2kQGoMAptAVuYgZ,LOW
net_00910,1,4,GuJJfPfh5NwpRCpe4wRQ4rm15afPa3UZC88VMKPi6eFe,LOW
net_00911,1,4,GuzRpKyUt2n2H5RPsprE9F4cZm4NjYiLwRfsRo37qfKQ,LOW
net_00919,1,4,Gyn3DEeqX2WmDzbJe6PNVZELDAK7kbxjCtpnd45ZzBBx,LOW
net_00937,1,4,HHSsLG4kurxrW7nzVqhVNbPApBGfYDdck2eiTkWR8qic,LOW
net_00950,1,4,HX38G2GcVvTn2XcbV9NYU8mrNTiBaQDz3TnwciH6icu4,LOW
net_00965,1,4,Hn8ApU6WfFU2NYD3Qe6QaUEq98PoTnKCMuJs28PRfiTm,LOW
net_00015,1,4,28fHCroY2x6YeyUFZMc7aW7TKt6r93wb2ToNnCUcVkRj,LOW
net_01058,1,4,YuMnMyY7Y9bNrGiuTGxQZsTSzdFuR2ssZmRNtGJ1VMp,LOW
net_01068,1,4,dUASb8sL1dK1YB7Vd4nL7t5Bfr27Ch3Aakp16Uv97Pt,LOW
net_01083,1,4,nrjGSofnagxArsQTa3yqpa4QXKdrX1CwtQF5o6irRGY,LOW
net_00565,1,4,BM9CcyErJcu2mjrFvUsRRrD3snGeHDDVirJLvL6EjvMN,LOW
net_00610,1,4,C4eNLxxC7XLUivghMi35YUeSfvACgnvKB18115uPUqjg,LOW
net_00839,1,4,FjNJNHvXA5aqKYG2Qoo4UddFg5oNdZPddNPCU7uQHTBc,LOW
net_00745,1,4,E5GRg4YdU7GjUJwZTXjB1iKW1k1NAqt6B1M8xjFMAG6i,LOW
net_00160,1,4,4fTbqjnQmRM1awkTpefPeUeci93ceDdSimzs9SQqMy9d,LOW
net_00338,1,4,7RC3hVGoAzAfsMTJZU22RNr8LMNgiBFgq22NQePUKPtb,LOW
net_01097,1,4,xuK6AVSpLB1QBfVvZTDVQ8y2uKFmmeUU58JnE6oC8Xk,LOW
net_00443,1,4,97jv9pjCf5D7VUZEyj6XnXBC5JF23Vsagc3bvSF6GRmL,LOW
net_00809,1,4,F7p3dFrjRTbtRp8FRF6qHLomXbKRBzpvBLjtQcfcgmNe,LOW
net_00902,1,4,Gnn3ME9TAVZYDzEw6tqW6ewxoSuFLGmZXi79rzJcFoo4,LOW
net_00849,1,4,FttNSMnfQR1JHhUFtvhHESjZTqZUXi1w6dZjWxYH8QhW,LOW
net_00551,1,4,B5kQuxxZCfcHWAkgjzYCeRbLhr8Gdwp1vPmue8U7FVxP,LOW
net_00915,1,4,GwyFkQiUgR54nJf6kYV6e1zVj5zvwmPUUG2TzvhBPEiv,LOW
net_00586,1,4,Bd6iJD1QkcRDeTxxJbviHAA24igJtigxJ4WFBhkrfnTx,LOW
net_00605,1,4,C1SPWVgf8QZBRcH14jDSMs1RytE2Ao9KFAGeppYCWYRP,LOW
net_00612,1,4,C5Ng4nbcE2dSKiw4FkiRE1BEig14uUY71Z5Zxz8TcEhw,LOW
net_00615,1,4,C79eesbbHYvn68Yf3zVGGu6jw457KvAnQpoxU6jR6sWU,LOW
net_00619,1,4,C8QtFMvCnzPZ2VhLUGnL1fCcyBvQyymG7R4v12jKwRvV,LOW
net_00620,1,4,CA254QPs5CY5ynQ5c8X8nKyHt6p2FCwxMVKpPfUxbuNX,LOW
net_00653,1,4,CfumDPwfYn6m3W6fyzCMhsYkS2Uxpeu1npxZPUasV5nX,LOW
net_00665,1,4,CwZ4MwRC1rikPEmPmx55s2so6UjN8KTdZsnQzqEbUn6m,LOW
net_00668,1,4,CzUNXQdrG8KDSqb2Tj2Ay4xuJWyt4oHBdAstMeshmhoZ,LOW
net_00678,1,4,D5UwtKLBxhhzq1XhUtnXhFFPq9hLpf7enJtfe1q5MK9D,LOW
net_00714,1,4,DZzY8Kj5fKrqFYDuYy2uPbiw1a6HakrN2ibe9nB5avwv,LOW
net_00733,1,4,DqJ1hgFb2naz1fddiQueFgF87qSUoWG7xWJ366qvRELW,LOW
net_00738,1,4,Dv8Mj2TNrwbQoVeQQv5boJ78gxaCGosciSuD2KqGT55t,LOW
net_00748,1,4,E5qBbFyZCYhUr9BCZLVazRzYPqF6JW2mVYH3J2i7WWU4,LOW
net_00760,1,4,EHPiu8RNYTiqhwN57wpp7ojeHSXxueQ7SdhvXQWnhrAo,LOW
net_00054,1,4,2fg5QD1eD7rzNNCsvnhmXFm5hqNgwTTG8p7kQ6f3rx6f,LOW
net_00765,1,4,EP5Dhbg2nutHqBvWcBVgnjHaczLaFaUpQDBCLTcJsaqP,LOW
net_00772,1,4,ESFRkWgHfRtVfn3WP9Lj2JresRjhWy6UpHn7gg3XuWqa,LOW
net_00786,1,4,Eho1VcrohByFwiNbG38ybBGbnXxUMJKKwMSmUUEECFcT,LOW
net_00098,1,4,3UNPM7X6LbmxUms5ij6zm9P7J1Ev2Wd7TwwXmYrPX3n3,LOW
net_00094,1,4,3KAkSMmS9vigzXhzUzm9BowCTPSB8zchsuNtTAwJmWPZ,LOW
net_01079,1,4,kgguPdLRq3GzZJesr6JimZ7rSsfpc2wkEKVX5kMsuPJ,LOW
net_00601,1,4,ByVRJz6Xk7NqZ2yhijStDZuCqB98xZDXaK7D8HgQ6a7j,LOW
net_00340,1,4,7Sb7bakazZHn2nzjDFGx1tNVLFwCayE5BWY4cT7kJjHp,LOW
net_00344,1,4,7VAMTgPaKNMdMbd2o3YbysXQpXd3cbVDbp447vkYuJsP,LOW
net_00351,1,4,7bcaL5ktpQs3rLNAd9ppvKYoF8aSsMAdD2LBfwL9Ewzv,LOW
net_00379,1,4,87ReeTssuWuu9bcwHgL61E1WG2gTW9MTTfJCDuEEWgh9,LOW
net_00381,1,4,87phca1kfjNEcEHE6nMfSZiuF93HpBPscGAhkPAfX7Xb,LOW
net_00383,1,4,88gtmUQjGPxdQUfM5BibgwvVUpUcB1BhK5B6NVzg19ok,LOW
net_00389,1,4,8EnQt1eK7UmcxzritXSB1EFYjFpSxrDtyGyCoHwB964F,LOW
net_00401,1,4,8SpkjrvWj3Wa46pu5LyfxDvk6BzPtmDaAGmLoo4hQ9V6,LOW
net_00408,1,4,8ZoYRTGazZPind3jsJqW9qqYy7nbTHjGwvgeuG92c25u,LOW
net_00419,1,4,8kKH7jo98fT9zJ2JxteTFQxUZMXGT1HtZ1UyN4PmK3ff,LOW
net_00461,1,4,9QhgRivrzDs9np1pRc295dRwg4v9PZsbxPZMH7sEQeRk,LOW
net_00469,1,4,9XBgoAQT3iNzURzZ1zoLNBNUqHcedu3mnttkcK7Zykiz,LOW
net_00505,1,4,AChFTNXuvVaNnbE97e16n2ZYssU3PqJNkm4wPhPRAhuH,LOW
net_00506,1,4,AD3ydUNZ15XbKBne1FfhZjjsezXv6n1ebBSb9XUUkXwH,LOW
net_00508,1,4,ADqmzh7nvQujTZpMytdEvD5UtePYP63kPmxshKVy2QMH,LOW
net_00511,1,4,AHsQp9drjhgyEaXRyDjCL5mw5juJRhY5nmjsjAhyWnX7,LOW
net_00512,1,4,AK39FMzVycERnjkTZPuGZPcA5f3VbKB23LJhp9zA3psg,LOW
net_00519,1,4,ASZeBQm1NQitPsmZYJHjf9DUjDnbvfN94DLe9jzV6nag,LOW
net_00527,1,4,Aadjop4WNo3tvBnTLJPPoeDzhNdv65eZWr5eGgRdiW7J,LOW
net_00531,1,4,AeZAA69DbQn35A2FiamfTXGoKHxPPsXZ51gcF1zy76ZP,LOW
net_00538,1,4,Am5DVS8eVZP4ZkYSpxMzVkuWWG5AERKYMDrsFchERtJW,LOW
net_00541,1,4,AsdJxZYzQHdmgosPPXtuEiktb2vzQgie1AAWGHgtB4np,LOW
net_00559,1,4,BDiGKU1DB1EcCsvpT2pKgwygLBMcjg2QfSBjeKH26f6t,LOW
net_01067,1,4,cum7AfVzBKTz5S3wXr1B7h4XngkG9Fj1LbwwgwfAyCK,LOW
net_00583,1,4,Bc2FS67JFuH4Trt5Xw9J1qvUDqvqPWLpD7rRqADzEgdb,LOW
net_00323,1,4,7AHcGqcu7AyUqVmaLh5pSanXCqV2Wy9m3UZbC4Qdzgda,LOW
net_00316,1,4,76iXe9yKFDjGv3HicUVVy8AYxHLC71L1wYa12zaZzHHp,LOW
net_00315,1,4,75cffuwSBncu49G2w8qbTNBHGvs2aHCryshUxn7RD5LN,LOW
net_00134,1,4,437FVUJKx6tZ5zyEb6ydJrtGgQwQKztKXq3k7BPv2TeR,LOW
net_00043,1,4,2UpsWaKk9VNSf4hDdgmSpyoDHGfeN6aWMWV4SMY3PWX5,LOW
net_00059,1,4,2nHQCYwycJzcTbZYQBZbk2yr7kszW7fdrwCwoWf554CM,LOW
net_00062,1,4,2oyZ7YvAmyovQAhSXi7BTv3LkRS74VRzEDs73hgEZJrm,LOW
net_00072,1,4,2xdQMm9J2mo2atkTYJa8CrrXdtjPtPhQu6B92sozTmUm,LOW
net_00077,1,4,32qiieH1sqhoKMFQsdZFRn5XAPdkGTBeqgzGCWW1XMAp,LOW
net_00085,1,4,3BUDS7gkmT2jScuUYEBxpT3eUHa4vcJy1FgPPUe4mY6i,LOW
net_00106,1,4,3aCB9qgVeSZaA34vLabmmErCDKg9mSbUsW17rceDU2ht,LOW
net_00110,1,4,3f2ziwWZoqe9cyxR9uAZkD9v6zhh2L9kKKGoqJtpRWPD,LOW
net_00112,1,4,3fLn5EWtYVJtfwhsyuFmM16DEUwdqo5KQJgtvmWxkvh2,LOW
net_00113,1,4,3jRejbpC3b14DEkqXuNGoLxaN64AgMjo7EFaUrMJfrGa,LOW
net_00126,1,4,3vtyH2uWzuJtNbcbNnXdth44Ew4T1i6dauDpy7ofgvK6,LOW
net_00152,1,4,4QZKwGfi89d8obuERuycCvdqKzLiKKnAwUy8cTYDnHLn,LOW
net_00302,1,4,6rb2ATKdXodmjT5fVeHgakVvuGxmCSPvaxUMRXs4u5BP,LOW
net_00169,1,4,4q3wbhae7LGCk6gJ4d5tfTS3BPDmH8E4BkHBnbYQwKBp,LOW
net_00173,1,4,4seMUzrkfsUEHdGtiWfKq7iwfNyMgU9TqNtzky3j7BRD,LOW
net_00184,1,4,56M5F2FthGnS14Hmk4gfuuon8ZWJrhE7NKL76aTGjB4C,LOW
net_00190,1,4,5AycohXzYZv6VMQ5v7PcS8afq1RYVnDF4rALiT5JqvSG,LOW
net_00212,1,4,5UojsMuQZ61Jcy625dpfuy5TmWdqYYMZ5BuCV2t73tnP,LOW
net_00232,1,4,5pqmYNvWAjQqbkz5nEwtkquuJMGX8sxzRhDG4qTDVnfL,LOW
net_00251,1,4,65gujghPUpid2msTvr3XWWDVr3jYugChvnF1tJfpEisP,LOW
net_00262,1,4,6CNTUrNZ49DHYsnqDr6MJF7Pfn8Q1u2SmAQofj27Wkhz,LOW
net_00295,1,4,6ff3L9LYZrsfodCJkkMK782wyj66Gag5EouoRNBMku3G,LOW
net_00298,1,4,6jVtVi9TpXHZ589EFig6AK1h63pSrwWmudnFqeQAdEcT,LOW
net_00300,1,4,6qRd9V2G1aR8sMnB4X9wcFiRKE7TmV8JWevSFk3RTBF8,LOW
net_00584,1,4,Bcu4t1SjSXFoqCrn3yZceUeMUuC9uoAPxxnAo5FEdJLc,LOW
net_00039,1,4,2P8Xp1vGd9u9dmfAvbivWAqpzfUJyyrBEFnMNy1kXw4Q,LOW
net_00757,1,4,EFQNJjeEbmpGeTeNyPZxgRTF3qZnvNqhcrHXpvUhpDo4,LOW
net_00928,1,4,H7rpqKWnEdpbERfe5j7e7XsYAzHPrn2WGdsRwoUAcZQp,LOW
net_00906,1,4,Gqc8zAwW3wPjysNk4KSZDYzm3erQ93asb9DagUc1gQBg,LOW
net_00895,1,4,GbbEi1sP7MDaQc88bb9ivoLfeFs3QBZQMTRmD6K5MwdH,LOW
net_00881,1,4,GRmdkPRpQ35Xw23moHQqaj9ZffX98MK7ensn2By1zWxV,LOW
net_00743,1,4,E1YTJEcnju4SMbGms97JBQ69C959Ayw9tgqNzoTpJszX,LOW
net_00753,1,4,EAoAf5doNHHQwyAhQ4NzBz4PE8VnDvH6GYLy5XS96QqP,LOW
net_00963,1,4,HjuvLWkeoRVuiDCVjZeWrj3cYzG2KV9CExqEJqJQJqJA,LOW
net_00769,1,4,EQ9CEUcgpaEjJTnrf6JP7nyNMF84oFPrCyew5A6oDHMD,LOW
net_00739,1,4,DwrXT7fpn4LCmZGujN3L24pW8xJuTCrjbQ33oqHsDotd,LOW
net_00774,1,4,EUSQnyGSTKd7YAMfMb33H47TroZCPPvrJZ5YTYPnCutP,LOW
net_00777,1,4,EbLAhGuRq2U4wxEvd4wGxu9EX7iSbfvemTb5qGVGWVJa,LOW
net_00877,1,4,GLai5uzTaf6REaW4cWcPTXggL4bCdcZZuEJhyKNs9hn8,LOW
net_00782,1,4,EePpkywbFPWrjrfDEYFkZRGpRmy4caTvHR3rGHAAXoFv,LOW
net_00968,1,4,Hrw63NjnzgC6S3L14FfrKSQuNS3HPLe6dFzHXcf5Q81T,LOW
net_00804,1,4,F2uucvt5yoh4a1sA6G3ih2WLZ8NaxvmJhCXgdjA4Ns1U,LOW
net_00814,1,4,FBrWrboKtyi9ZMNRVqpn4j4HXCWDwtTTCDQbdwqVZsK5,LOW
net_00817,1,4,FEbZZSdqSu49upjagELvLfefMoafJzUE73ZJGgXPbrYU,LOW
net_00533,1,4,AgNaa6DLja2Nc5KEu3oEJ9Aan7shFFDB96fg6N7unxWS,LOW
net_00855,1,4,G3qEKEUEam5eKWEEuzk4H8RpSVd1p3PQuVFU6vzJAivy,LOW
net_01069,1,4,dshAybqFXYVVTd4mzy9Uk6KD7km8wE9iZgPMYZdzEXc,LOW
net_01052,1,4,UDnctrxyeMQAmujQSC9aB29WxLFnwEgopM3s2duTA3H,LOW
net_00865,1,4,GAn4DfZeqq1HFUHwWwi1YtVRuvHE7uHC8LowR88S6oAd,LOW
net_00684,1,4,D8wBfnTZmdLPvuyeqf3ZSWi8ATCWQVk6S4qjYs65H2VK,LOW
net_00622,1,4,CDAQ9RwDBdnn1LLcgTgbSabjYiQsnnKnxyYdkoMq7y4p,LOW
net_00618,1,4,C851dvELWHQgjvBN58WfHK6UxEqobTgp3BftgEkhWkJ8,LOW
net_00655,1,4,CmUFawdxbrXLRByyJdjjh7unYyyr1GQtT6x6ugaPiwy,LOW
net_00657,1,4,CrCiUKVicN4H2A5QfSpDpstTvDB4hEXaH42QpBFr4Cov,LOW
net_00662,1,4,Cuw8fL3jtmiEAVroEK7k3sYWhaHfyVcwTnoaecg6uE6E,LOW
net_00672,1,4,D3wHkvJABdxadXacMLf6tN2tAkxrTF5ygvpwYo8rvGbo,LOW
net_00962,1,4,Hjkwp3pLSc8xisFWP3K5eUP26eEKnmM7Bu92z3Tw5eZP,LOW
net_00952,1,4,HYwns4mBkeT36CyaWA93rAev3ZthZAtw4niWn7p6rTT9,LOW
net_00707,1,4,DWxg5LwrNZ1hsh3sCba45NroSDzmRoAkf9G75X7fuvCD,LOW
net_00708,1,4,DXZkaF5ZTinQNhjud8k6GSaTJGWQDZ6W4x2ZdxeJdkrY,LOW
net_00713,1,4,DZotLHoGwRPAtEi8f7Lugk7pYobAAvHHbTKaxpQVspzZ,LOW
net_00954,1,4,HcH6gkSLudLZTTU5uywVjf9wXCsXB3dT9Gs3iWxR9uwd,LOW
net_00617,1,4,C7rNKEyPC14thGjCHg2gHizYBG3RUEX764HQ1cF5sxEk,LOW
net_00716,1,4,DcF7Si7A1hNphq1Y85AiG3vwrVBveMetTeFTVVC6K9jt,LOW
net_00741,1,4,DyuY8nPz6E3vhjF5jMkGdoD82cuCTiBqbkDFkFuoaNoA,LOW
net_00632,1,4,CKpxMgbXYcuQ6mWdDrhYjVdKsyw2dwZT86iBYfqAVe1H,LOW
net_00081,1,3,396f8Krex1M26FcBE8JnnKPirGB9tZe44uc2Mkco62sr,LOW
net_00607,1,3,C3Y3d4NDkLLqKgspoyqfF1ZdH925pqbeSQau5L4Ayw1K,LOW
net_00378,1,3,85sseAFuDmDZeDKLY1zcPSzxgbfC9u1cGncxrjg4NxAU,LOW
net_00597,1,3,BmtfndFqUa5yPNLQQNZYtfkV2bfTnDqN6NsRPMCtzGAb,LOW
net_00070,1,3,2wNL5Mj26iDj3EUsq6HuhYWEPk6abiN5xZiQ4MYGnKZo,LOW
net_00604,1,3,BzptHNAYRzB1vdDSrAz5aeihh6PBHmRCuszXjo1iGrpN,LOW
net_00224,1,3,5hkx7tthK7omexki8THfbSNLJj9LJHHE6QBLs9X5hydR,LOW
net_00046,1,3,2XGKLQBurhcYc6my4qJPRgMUydy4GtDEzZFL5cw3wGzt,LOW
net_00627,1,3,CDtmh6XPXNbkxaUpZ2nESVnWi2h6ek1v3pB4APobp4oy,LOW
net_00561,1,3,BHNnYCAeqiKeRwjZ1syY2uNew3pBYD9qKPsrvAKk3aXv,LOW
net_00347,1,3,7YBd9aqfZgYngQcwSjsJhZpvfypefPcyBzCoMUDkAGna,LOW
net_00638,1,3,CRoJ2YVZdaFayAvrZAqjsZDXKhj9jQsJAPDqJASwsLNo,LOW
net_00640,1,3,CSEncqtqbmNRjve42sNnbs5cCSmrjUNsAEwc17XY2RCs,LOW
net_00644,1,3,CVesMaVco33JQpeGVQNeKZSWGTCzJ8moec378SkXjM5T,LOW
net_00661,1,3,Cu7WjvgzTxzN1Hxgm71QwmyapWapbBUq62sdemhfM34t,LOW
net_00685,1,3,DA3MSNhMcprozzhD31FpuC76T5CUAs3isprMDN4FeL4n,LOW
net_00690,1,3,DDEtMS9jE4o7Ce5B88fv1sARz9jF71bxEKqfjEtEqJ47,LOW
net_00693,1,3,DJwbVx7fpto82468QYQGKw3CXmbyGx8ryUfBK7qnvhsW,LOW
net_00735,1,3,Dr4HqfbaYkTxiMDWXcxmrpDtprRfvv3saSoLAYizgSQd,LOW
net_00359,1,3,7j3B8e8NB9AXEyd5xUqEM7jJFM3ZHbowo1x69KcfFPHA,LOW
net_00773,1,3,ESfQWrLqgHukQKN5q1rboEqcjdajgXrAS5EganeSyGoK,LOW
net_00775,1,3,EYZBDPVuodzAt4XyzKCAk2YNdNifcF9QJpPjA6rW42H4,LOW
net_00083,1,3,39MaiqXAFyFHMB2t8xhdDtpeFazRcdZ1o1Sw5kHDsbhQ,LOW
net_00140,1,3,49PwEy2B5eeumwPjwQ2usfpFx2GAPYwjAnghkpeB1uoL,LOW
net_00554,1,3,B7jZ4D3m68buADTAdFFMJ1scbTmSEzMUfLBaH9cPovTo,LOW
net_00539,1,3,Ap2h76tcUkmyCLhXwfHoXoGd1tJtfAZ4nYpGcfYEj7pf,LOW
net_00491,1,3,9zvfYkug2B9Sm6zh8R7GwkD87jVb8DfRK3CLymetffvd,LOW
net_00230,1,3,5o11YhKtf7f7r4GT3Ab5e2fy7brYFkrLNSXuwn6BuPyf,LOW
net_00483,1,3,9rQuPT2pCWyfVekQQ7UeE95MyPxinc3DGzmKgA1gRuix,LOW
net_00455,1,3,9LBWbhRitWCRvfoRM39ZCCzVSbcQkA1GiHQKNRHqPn4L,LOW
net_00348,1,3,7YQrDnzGoEHdhv9gZzbyXvPSWx8RvhVVK1SnsaK1qZUi,LOW
net_00205,1,3,5Mz1CdY16mMY97GmY1eE5JrYr2SM5n5J9Q7c6A1Ny7q9,LOW
net_00492,1,3,A1pTHqgk8QQdP6GGnbmFfSsKquU6MJ1ZGMtUtQRmL2Ar,LOW
net_00275,1,3,6RyDUxwP28uPsYXxzuocsXFwTSgp9K9KzZdpDUYEvbp1,LOW
net_00503,1,3,AAoZPKZAHB1PU7WxHvD4EzSPcJp7DsQxRD2i8JRetqsD,LOW
net_00204,1,3,5MYrszgorGKXhpacp7pNBxBje3McJPoXFqxhqKoDoxB4,LOW
net_00529,1,3,Ac2gr44nU4BUYrpqDVvCevNxgUwfmg2ezMjGzTNM1uw5,LOW
net_00170,1,3,4q76MCAyD9BfLGrijVcTyzMYuuXX718Rzt2ADn3Lfovu,LOW
net_00543,1,3,AwAkVwm2eoziXA1MjzHhthhBgShe5Qgu36Wtzm49XZvq,LOW
net_00090,1,3,3FSbptofY1Mp58YXoUErPRggoKyehoJhsvzQMJ9KZM2o,LOW
net_00284,1,3,6WD1L9v7sAGLu1EsAF7uerwrGPysVvPEqAttWXnrXuuM,LOW
net_00150,1,3,4MjvAyuar1TApr2kqExy6HXUJSC1f1qvSfk3njadkuuJ,LOW
net_00146,1,3,4GDYcrkzoSMzyW8gU9jVnwbKq8NLDMk6gMTyrJBKNfS9,LOW
net_00215,1,3,5WoDDCqfW6zdo2XCyLjmAaDWtmeSL4f8L1mTBXD6XSUi,LOW
net_00131,1,3,3zysqh4mcdoZ4dDpnBig6rPxPykbrZoYnaMXSWRWWbSu,LOW
net_00545,1,3,AyumSVydC5Y9QGZHayU2KWUvgBHMveWr51nt13DDH3vU,LOW
net_00306,1,3,6uKqSEe4dKeGKjEFT2cL2VR9C3fuwuf8LLkwo8DnFPn6,LOW
net_00417,1,3,8jTAkYRp3f231iNApzVLxvTCSMMUD5JsBiLG96RYYck8,LOW
net_00339,1,3,7SDTtjinRGKQof3945UoQ2SN9P7yKLgrh4a8297Md2N7,LOW
net_00125,1,3,3vefoGNnnRQiq6M9XT8a9H7UXdHTPc6mKBA6FSTRLYYo,LOW
net_00785,1,3,EhHXAQ6Ufpe8bwMETDAmHQhcymxyX54URrs2WEamanF5,LOW
net_00415,1,3,8h7qr5oNM5xges3KcrEXpytURyh9yoKFQK1zghJupByu,LOW
net_00211,1,3,5UUbutsLFJopqWLQphYFBSSJpRvvreXExtacijZU5XkD,LOW
net_00988,1,3,KZUoeqr8aUTVPqC4wrijvZSSvzTuHhXJC9bcBTBobbY,LOW
net_00794,1,3,EqL7w7Jgj2yUYPsqRAev4UxNYuKZ58J8TuLFbeTCzgJ2,LOW
net_00872,1,3,GFYmvPSb5kngLEb4AnfyooyZuAWWEinWHc5fvUspBBc5,LOW
net_00935,1,3,HFtLu9Qy6enFdqVMq7o6vqDiZLeUiMXcX4bkpY1QEfmA,LOW
net_00023,1,3,2EXaSaYqxQ1jxr1kC8HBTApXHNhYftTbRYhh2GQXjtyH,LOW
net_00405,1,3,8YoSTzisx6Wtzn8YarKZAnoaMe9EJu7fTGdyB5c1JgRP,LOW
net_00588,1,3,BfTXR9AzQEAo5faCFAajvcPW5R7sW4Thh8jqAmC8oRW8,LOW
net_00636,1,3,CNDZQTR1y5PpfbSJjL1ys5Az4Bq2nLGfxaAESMawdt85,LOW
net_00582,1,3,Bbw6k8tMTjmPXkNGikZQKdmGJHujxjviZZEjFpoALgrP,LOW
net_00567,1,3,BNuebGMyAsrLytsS13whc3qUqbnM9mVwUJcumD31m5zA,LOW
net_00166,1,3,4p19YgTkrXdBGJoVJKZ8pFyEUk8BpMnReH8A6fxonJvD,LOW
net_00558,1,3,BCagckXeMChUKrHEd6fKFA1uiWDtcmCXMsqaheLiUPJd,LOW
net_00631,1,3,CJHvTXmtMEusdUwNyhp4fXjau11QTv7WcDmU5tzKc4oe,LOW
net_00346,1,3,7XQyoTSoEmZYJQHxtERJ8S7QjJkyaTpgagzHykQyukJi,LOW
net_01090,1,3,qNGhUruCGJpXJdsnV74USHErcbm3CrXRsnP8D6Z34Hh,LOW
net_00294,1,3,6fb99QjauGt9zrJLZrfeofyLyjVzyS4nAvx9pZ76cTUd,LOW
net_00002,1,3,13SQroJW8hbDVqu9kMGyb3qbvDgMm2VZzdjiLMtHjFNt,LOW
net_00474,1,3,9e2p6ayBqbMnUiZL68L1kdZdqZqK7aHYxtUXoA3fhrXK,LOW
net_00123,1,3,3t9t1Q98Z5edthGo3cQXPhuL1Y8tPmWryqWQcK3gWe8k,LOW
net_00263,1,3,6CYqnqZARUdW5Kp4s673B98q69dGvgBwTLSBEKoNt3Dh,LOW
net_00418,1,3,8jxNyGCPapK9FPkybNjj731DrDibhxvwSh958gVwxX2d,LOW
net_00546,1,3,AzVtwMKXF2p5JYjq7GxGfG6FpqPxwjeCcjtTANbREyXC,LOW
net_00552,1,3,B5yYbaTpk8EtEjhygtXrCtGz6gFXHb54QW9SZf2beXmy,LOW
net_00682,1,3,D8XJF3tCB4UngsS8sV2nyfBmEx6KKCkym57Lx7Y2ZTXH,LOW
net_00833,1,3,FajxNukkjDLGXfB5V3L1msrU9qgzuzhN4s4YQfefSCKp,LOW
net_00949,1,3,HV7FyLPwHZTYJfQogWe1z2DCbAozfa3iQNZPc6o4bB4j,LOW
net_00264,1,3,6FLrfif7V4pqxbZhNeNKpKRxRz5aCs8VhE13RDCmhr4o,LOW
net_00852,1,3,FxCvr5smZK7xw5xCcFCA6Ynjnzd34Hhbn2gMwN2DezaS,LOW
net_01087,1,3,pohJj8FSmifd5V2kpgbzekrnnwZ89LmDg7kEFEu5vuW,LOW
net_00489,1,3,9yMwSPk9mrXSN7yDHUuZurAh1sjbJsfpUqjZ7SvVtdco,LOW
net_00591,1,3,BggnH7CGFp4XaWcYaxEt25rBAa2r7vnZ5NLQhXbk142Q,LOW
net_00843,1,3,FmyQZtBSKyCeYaSC9gvjiM4K1Mn4nceMdivqrFE2CB5J,LOW
net_00335,1,3,7NaGovxorFqSM1YnpLLjkurVQw4FK5CYrLadZxwZxyZS,LOW
net_00858,1,3,G7sYZ9gShcn7ioCx1pVZnre4fsL5oYyCnKxUFVK4cy3B,LOW
net_00867,1,3,GDJSmuthDSTR9FvvxwUVaWKEfeu35h8LzhDCHnohAZW5,LOW
net_00873,1,3,GFwC2WoVMNQMq6ktcXKjrTdZ8Z6tsJmiw6L8EEN5LLnV,LOW
net_00892,1,3,GaSy5BhorbABKcSEg3atkXGHs9G7Aqhk81iEyE7gTHtZ,LOW
net_00905,1,3,Gpqh1gucaDtGJd5VpNL5bwgvkhNPNio6y3N4qpGnysEp,LOW
net_00912,1,3,GvL7GNGXMJw12Z6aVxnncj25KxhxT1wz8ecG9NtquRnw,LOW
net_00924,1,3,H4tbXj5BGgTbGzon3DnKPGEesA6RHg9JujxeP96uAM6J,LOW
net_00942,1,3,HLMpPR55z4WRFrXQHvpN2No3Xb2uTwsgb84j684vfttQ,LOW
net_00944,1,3,HNpvrDnPHL6MQHNQtNWhDtX7hDAVDqXujJ7ptZ6gtrsr,LOW
net_00947,1,3,HUXBd5a51g2yJKnai92DgMDZZgHw9Zm9sNMwMuXMJYqR,LOW
net_00964,1,3,Hkcj9M7w2jVPL2Z5FYLXY52oPVZWsoodgRcCorMnQZvo,LOW
net_01061,1,3,b3ASQeKU9UL34qYMjaHKFMg28uxrs121YGTsFWuMkPW,LOW
net_00515,1,3,AMU1dpTwJCiEgMmSKe5UYxhaY7Pet8sQN32jKaqHr3qA,LOW
net_00356,1,3,7fjmuWn52yvZtGjHPaBAS4eANRtd8Rs1UK4Mq3yDGK5,LOW
net_01070,1,3,eHGKkTtqPsSicPkGUVccpQqiFXMWBGHAbSvQwhNf4cU,LOW
net_00478,1,3,9heNqXe1EFQzLQL2NoByCp4Zf8xPaJUraLJUdcsWnzJ,LOW
net_00688,1,3,DDDD2zvzaPMLuZiC2Vos2i6TLFjJJ3bi1pN7kXQc3R5R,LOW
net_00985,1,3,JDQKDrc1TQgBRvdFh56tkta5sYcDj1SoP52Eiu64rSrT,LOW
net_00566,1,3,BMgh6drkRtvdHJX9EBSgztvby6UEVL1yKzQvS4DkqsaT,LOW
net_00412,1,3,8dtx2tr4TuJsYpri2suggFu1pg3DVjFLBBVmhtDy1MEF,LOW
net_00731,1,3,DopeV555n5H4vwgXhqH1cK1jeh537gVQes6bvxzk4xJc,LOW
net_00790,1,3,EkdPKyue3KCuiSKDAMK4o8HYcTuEAvXrRjP8WAhwMhPY,LOW
net_00842,1,3,FmCT8hkZHzYqbsUjGjmQjUVZZ7kVHeX2osAXSRY3KJnQ,LOW
net_01059,1,3,ZAyqrq814r5qB7gwYFo2BpcttXSp8TYdMav7gD1dEtk,LOW
net_00201,1,3,5KUS5aDfY9cRqEgYgToSs82VpTBvTUve93gFNrfggBCx,LOW
net_00732,1,3,DpXvKhy9hgfjwn6yZVK47NshY9111BPwZ6PkEtgGbPnG,LOW
net_00045,1,3,2WjDXazw26mbhD2fYnYaj4RqkJN75FowZJ1XsCCzKFeH,LOW
net_00836,1,3,FfoZr8Z7deECDBCridwGY9ZqMWNgngv2EdNjbM4Lzg31,LOW
net_00791,1,3,EkkoQcjhj3aB6BUStoRACVqV2uMTKsEaEf8e3AgDEMiM,LOW
net_00959,1,3,HgHpXpwKDgjTyyZe3RyZGF86XBv8Q3aLDwULmSd5cndv,LOW
net_00840,1,3,Fju16NhXgnGjm5ULqh5RxSMVfT19VYMFdcTTTHHbuLSD,LOW
net_00844,1,3,FnTLfoGHmzAEqMWa59at5dCN5caZMLtXwxbEqXpg32Hn,LOW
net_00884,1,3,GVNMCHh2eitMY9ANnuB2Cb4LizM21VYE1511Euav8qeW,LOW
net_00891,1,3,GZA5STxZvB55gGMkpgJSbT7DuZGZbFQ5idXyV4nJGDxd,LOW
net_00830,1,3,FYdFmU1fEArNHMJG96YPYXZJJkDQh7UvCLkseZ7XtBGz,LOW
net_00900,1,3,GmVXYqG4qv7Fewy34zMMvqD7GJQuewm2grJEtjQaqSmQ,LOW
net_00921,1,3,H1F8FQw5nVdwcPTx8dUFry2vzLpQNihPxWP2bkt6Nm6j,LOW
net_00934,1,3,HFkHGwAmhykkmuVLQ7YQTTiiZTb56T9VURadc3AQUNY5,LOW
net_00304,1,3,6tiCmKTdeHS5dnEVhGRDuASyjLSfWqYP57Mti8FbLH5e,LOW
net_00966,1,3,HpTULd2hXC38mvoacE8fgRjgRREK7frh2YvzMv5qXw64,LOW
net_00239,1,3,5uY2HLWarC4S68YemNRAJpkZK3xFVRA727PrLjtaTfzo,LOW
net_00828,1,3,FWzKKbATUE2SHwzGii5FWa91GTxKBV8pKqzgX7S937fg,LOW
net_00265,1,3,6GJ334ybkv7XEEefTKg6LJggAGaaozJN2afU3KezF6fZ,LOW
net_00913,1,3,Gvcr4a4fqeGSGBPvEYZHewguyXEvgcLivjt3QLN4Cd4U,LOW
net_00088,1,3,3E7wqYvQ5iYsCiMpEnfF56tLfRzdvVfA4qaM7i8nsQXx,LOW
net_00247,1,3,61vWx3nxW9GRB1vBbZLDtcGyKQZpo4uBT2QL6o74Nisy,LOW
net_00237,1,3,5u438bY7vBrZVSjKej1TEdGSP9AkRMWUyPzG6A37ipF8,LOW
net_00764,1,3,EP4eybwbNifUHFxgTGPHVqLxupSfgWncmiiSCrEWMNE3,LOW
net_00989,1,3,MczXVAbkiYuDj5o1F3uaeouKto7hF32JnJ5wnnSQjLs,LOW
net_00702,1,3,DTcJ8uwWHctNssxPXq7YD1YUrnKtMC2xyehq1wSUu39E,LOW
net_00829,1,3,FXnpV7L1U5vP5Rr7MBEedCvwgs7E91BT9WVKr5P8chBX,LOW
net_00816,1,3,FDU4zfyKowJvDDkYxVctGwC3by4dh2zrSaDf6EPGFXJn,LOW
net_00813,1,3,FBKqNgmKrHi6cZ9wVwmtmFk5qUXffSe7gxeno5UxFpyd,LOW
net_00803,1,3,F1pkUF7w7AnheLacHRGoaX71burvpstk6xGp92xUHKNZ,LOW
net_00355,1,3,7f8J2muhR36To55J68QGUKWCPTE1vY5TiJmrFpc8LjcU,LOW
net_00307,1,3,6wQ64eCRE1AVPC6w64PcPjennzzM5Wq4iYnfogNHKGyN,LOW
net_00362,1,3,7pDsDkBHYdkUYJhwEBB9JNmjvwD7gbRAzbf6RBkqcjv7,LOW
net_00388,1,3,8EcnZXHXogFWiZjUBhDuNdjeUisFqH3GDfShN4ytuLXo,LOW
net_00454,1,3,9K2u5vnLsQXv9zrsdSHJCJtotiQMHhxzX147Hka2k8in,LOW
net_00463,1,3,9SLPTL41SPsYkgdsMzdfJsxymEANKr5bYoBsQzJyKpKS,LOW
net_00485,1,3,9udqZzePbx3N7917LK9PzgxrDqQEQDECtLc8KTYCNghX,LOW
net_00509,1,3,AFxshUVMkHJwNmA42ixn4RrGDNcASjDDN4RJFSDkYjro,LOW
net_00528,1,3,Abf4F2gxErFGiazj9H9m7BLn1LGQfLoeWVVESHHnHCo3,LOW
net_00536,1,3,Aj8UefRtKAY4VifiN7hUJG1oxY2BXMFSWyg7WN8p6ZVK,LOW
net_00576,1,3,BXW17nLMw7D7HeeJokoKaDgm9AqAimKTWC7yVtRGnwh5,LOW
net_00630,1,3,CJ8aKvHAvgNcNV1vRzGwRjQEETpZZeWiDQ2swMMHiQTx,LOW
net_00652,1,3,CfU5xKQCKiFiWpt258Q4THtEEgYfrNgbPPtHfvcH1rHP,LOW
net_00687,1,3,DCaBupArfX7mmtWmxzhfECi6mHTWbnMbf94s1Z3TXA4N,LOW
net_00712,1,3,DZHcjjnP8Uza8DFpLJNSANMgdp7dHEmvz4QZyi2W9cvg,LOW
net_00720,1,3,Ddx9iAUxpFZxL4CVDXpWDRvpBcHnmD6uAdjngJMtxj2p,LOW
net_00768,1,3,EQ1qx5mxMVQ151sjWsokhCT4jwvV1FjG4BtqE8uStBHn,LOW
net_00779,1,3,EbfBZ91h8gsQWaKAHDcNsuqNcgV22h9TbW8h2yTZJw3e,LOW
net_00781,1,3,EdjwdKgwfX64sD5ukW2ap686bJb2rrBiUpV7wKQwCqMm,LOW
net_01047,1,3,RZa9cGkpk71NJ2A2KP19mMMGxYABRhqMmsxYHip1aPm,LOW
net_00311,1,3,6yVG1yjFwSNvwhmLAncdMzgLMBGc1zTamsDcnQwuNCHV,LOW
net_01056,1,3,Y272xmfGzsRUkEahhaPi1BpQLPX3wjf5VcGnFWaftgx,LOW
net_00221,1,3,5eoQfvTvoeuefNU4wcmq9xC8xNKPyKyTRwQkQ3LsYxT8,LOW
net_00250,1,3,65BvJT242ozV5yzKhLvE9xUPnNy3tkEUkgwhxBP8gpgA,LOW
net_00548,1,3,B33SwcsA7Puz7e9jFdfRPw3Xq1vZP6UdDaM7i2j5Zdj8,LOW
net_00360,1,3,7j9ZTQdppB1QLDaKDV5NVxHg6MvonjApvLHi7Wg5W88N,LOW
net_00452,1,3,9FqJE3E1RrnVriC1fbj4bgdKv4XR3Sf42gzF49Uq8Hc8,LOW
net_00010,1,3,25L8LxJHKqk12KMA7qZWmD8KQaKooMf24dWFH4wMuACw,LOW
net_00225,1,3,5jGNQZ1PdXpYNwaxfnPFkJ9uzB2dZgr1ABbTVgZJPNyx,LOW
net_00400,1,3,8RUpCBegp2MjAPSgZYaZ9Qj7gEQibyvQC4Md5rNxiMxF,LOW
net_00203,1,3,5L9uxQudYJWsXBfJ5VjuMAMpXU1F1ikkBg2Dt3rv4i4M,LOW
net_00007,1,3,217zypipBzqeGUrWET5AT8cPWUrJ6nGU2tCjswGKVV3h,LOW
net_00138,1,3,47RhSJd1CQQrajvFn6DX7h47uDJVk2LR6g1vKYZG7Tyx,LOW
net_00093,1,3,3JvBY3qBoQWVYYVbzekZyvbL12qKS1KvXSG7BrvHk7b6,LOW
net_00016,1,3,28hWWzCGT7safiFQh9Nn9674ofkg9RgwAyBvHQvKLxPw,LOW
net_00063,1,3,2p7PK35FeZHjmsEyJSiDgnoPf6FFCW8iwm9B2vtM3ndK,LOW
net_00018,1,3,2AAogKy2RqbkyHP22KUHtsyt9XZ9bGgzhHFN5zQoXhFM,LOW
net_00052,1,3,2dWB12h3F3mmbWiCaTd26ktjYuAGqrGy1NaFtarAwEDZ,LOW
net_00020,1,3,2CNA8j9zfKtFUvnsbhrmj27NA8ComizLYWT3cweTmTbZ,LOW
net_00234,1,3,5rCsAct5GCKsHSFiry2KvMzQsmYZe2qvorwTUyvuMqAU,LOW
net_00268,1,3,6KfuPNCmKN4yDWUErBrXgogCnDpofHFeD5TcFkXXBaC5,LOW
net_00006,1,3,214UbVh7C3KJBqL2GzmaiX7dohDJb3tqzMw636adDfT2,LOW
net_00086,1,3,3Du3WBZw9LFztJERhtUr7G46WyHMM4XVanmGSq3wExu9,LOW
net_00659,1,3,Ct8kxWQn3bDzRjxihXDs81aQ8GZJS32kNYrUCHQA5xxA,LOW
net_00001,1,3,12VEffWAX87MW9JY2BfWrvHg3uZq9FG1rSKGwaNNkJSr,LOW
net_00076,1,3,32faRkALwqggJJnXkc7Zvoz2SEp6TvTf7FX3YrJvCZjX,LOW
net_00848,1,2,FtEQiN91fQ1hh8d7cu185i5YenudFxQosHE3gkNEHU4E,LOW
net_00853,1,2,FxN3VZ4BosL5urG2yoeQ156JSdmavm9K5fdLxjkPmaMR,LOW
net_00742,1,2,Dzkeh36vJRSzAYELfdjGMMrBHvcQWmZjQUztzMfRuvuV,LOW
net_00660,1,2,CtPN4EtHuAjocAZRJDfQDHLN5UtVu5uYnP8BbEEHUAZH,LOW
net_00256,1,2,67ewnSLtWKjd87W6Vt7LiDtg9n9UgefYfrgHjkPn9hja,LOW
net_00795,1,2,Er415BPVtYRvPf7iCujRhGCziNQiyAJzQZkh81wEwjn6,LOW
net_00403,1,2,8XKhq1Ygeznsx54sTHvdjhvLXDM8j2oJeqknd1kRpBjQ,LOW
net_00087,1,2,3E26dB4DESPWG33HFnMC28QcRnkH6Xw4ydmvw5H4NW53,LOW
net_00033,1,2,2K9KyJ2SSMgornoAK7X3sDGPT2kCoWci1zmxEtrnnTvo,LOW
net_00235,1,2,5rfYBLwi3aNTb1gJAUucVzHwKBy5NFS6tuq6rMYV5mN,LOW
net_00227,1,2,5jzGvkv64wodTrTqzHmPTDJC1EqvvvAvh3EZAnxMsLoy,LOW
net_00027,1,2,2H8Y5sgMM7937Md8PPY9oENx3cPfb676Znf4zDhWAt67,LOW
net_00050,1,2,2bvKhD7WKgVPYvKhiCn6s5RgZ7pi1XP7fx8wqcNHt7dB,LOW
net_00289,1,2,6bKEDAVBdukaZsQ4sXjEkuacHVtKGmPA3LGW25hSmt4X,LOW
net_00290,1,2,6btMfV8xrvXx4a2G3dfPMrbt3moL7YByAkqG8PMDMpXo,LOW
net_00413,1,2,8epzPehzv8vrzGGCimDXo1EMiT85crSLMzykhQXwjdGw,LOW
net_00421,1,2,8mSRM89Gn1Y3RwdVkfYn3TAwwCQSYYRS632vPWe4TSUz,LOW
net_00366,1,2,7sVwvKQRMvX9q1Ubv7xKdYUSUxhpQKw6hHpKpXvU7rW6,LOW
net_00599,1,2,BtDaZUqHr2mKH5EYQCztuerHBuBEfQNYdquTDtEZp2Ym,LOW
net_00834,1,2,FcZBS2jpSLvZVxNEaH7NCAJeWheEhnaEo2Af8Vbft3hG,LOW
net_00673,1,2,D4Yg4QWvPdEycppH5B8hxeEkFeXWQAtq5hNkKga4VhLV,LOW
net_00971,1,2,HxhMTh4Nmvbf6J3VnnNy6VLrFkZSnaYS8NukaCAPgnrx,LOW
net_01062,1,2,bCJwYPU7x9o2NqntxouwZV1CS5nRFGncbbu1w9dE613,LOW
net_00196,1,2,5GA8swsrgawCSLXuVTWPGNzQDM4GNxNbSn3kekdGRuY1,LOW
net_00320,1,2,79jaStonziyG47PC5JcGX9GVTBUSKUQQ7fyCDSuQH5Fc,LOW
net_00780,1,2,EdXgsJqVwoafwwaZfH2GCGrKVwL5boJPv7Wwhb62XPAU,LOW
net_00917,1,2,GxpRWtTdeGAa3EgDA8yojEdJMx1YKN4VXBYkP5sRZ9vs,LOW
net_00643,1,2,CUn9DfHraAqRbsAKsHiXqEqt6UfKKMTwgN67V3k7Ui2v,LOW
net_00918,1,2,Gy39KSFDDbQiD3kVvTqepBveZcnGDXdFq81tqdnsyRh2,LOW
net_00932,1,2,HF2Lw2tYs4B3y1iqz6iw2f4wTjrn14KppvAezcm7TAT3,LOW
net_00925,1,2,H5fJEPAzrWSxH1shb9jRpmDNyttCSvBA6M7mbnEewKGY,LOW
net_00614,1,2,C6BoTXx6g5qVjGtDJB1HLX3iAKxue6EdyPcYq2dFBtPi,LOW
net_00871,1,2,GFDdy8ncVA7CiSR2kW5GWaUgYHE5gGmos5r97zBPQTc2,LOW
net_00096,1,2,3PpgE1PkUoftrPkZ5TcYzqaVHJs27baJsd4WathmNkuP,LOW
net_00336,1,2,7NbRU1DQs9CdabPwCm2g2oteb8Pr2N1tXR4VQgrLEdeK,LOW
net_01017,1,2,RBXMY1BMoYaYFtE9HK8nyWPtsKUwsYfMGUkgLQeRwLf,LOW
net_00951,1,2,HXRYDBZyaHT8YdXC4F9QkUzRD75KRvFGEDcQMTuUGh1S,LOW
net_00770,1,2,EReRGtpWtt3BYC86THEpkdaCp9ApZDqt5wrVBAE5hp4F,LOW
net_00120,1,2,3r5e5JJKAFxhpXXfXrPTDxMYCmTNVndair9S56oRgcrB,LOW
net_00178,1,2,4zMnqPXBFEYJUJ4qLZbhuNqUCs9DyGqesSKTYRJbxi7w,LOW
net_00202,1,2,5KcR74RvShd4ejYwPzju8VvzpWQB6qyy5NXSomniTEEk,LOW
net_00187,1,2,58bDGEPoSCfrS4XGVJGQothVqxGFSMC4ou13PiXapeZx,LOW
net_00183,1,2,55PB376nxsrBLTZr1UdQSk6M89AxPif6oKmbmZmWq5dr,LOW
net_00524,1,2,AXatAxRufhhjTQtpWV1SXbdCi65RiE36NVVPtGshxwhG,LOW
net_01072,1,2,ekXJrJehu3jHkXRqsVSh61mM7n35L7r9GovU5vU1Kmd,LOW
net_00972,1,2,HyYNVYmnFmi87NsQqWzLJhUTPBKQUfgfhdbBa554nMFF,LOW
net_00927,1,2,H6k13ii1xp7HqTFGZMgV2tU3SKGJ6yBgauCmeUEgG3gX,LOW
net_00908,1,2,Gu2Y4jnzF76ReUabn3kxRitmUnPiuMo27Phq2QvWrDH1,LOW
net_00847,1,2,FsiGTYuDv9C6bDhZSnxFuniheddYGwwsfTxQVkCkXjEw,LOW
net_00801,1,2,EzWmT2yEDFkTQYPbQLdqq2HEE2AvYA1Hg23p2keGD5KE,LOW
net_00727,1,2,Djv4arbWwQMafy1UVJZws4XQMPDmznGQDrJaQcXMcDkp,LOW
net_00547,1,2,B1e1BPue5LVvzD4XWVW4rZTjn2AGfbbB9fmbGvjGXUNN,LOW
net_00722,1,2,DiAoMAJNNdGsbdAHgsja7unZNqTEm2c1EUW1cvqNXBk4,LOW
net_00715,1,2,DaGHiAWaVM8DTp2ZF8anUHeUuDAuKjmcAG9byvKUmCZp,LOW
net_00683,1,2,D8or4cQy1vVDpWRXfFxB2oHcVR5P5pFPvdKsPrFhhXtA,LOW
net_00621,1,2,CAzkZke9kPCQ46aQD1YbCD8mLaqrt1bpptyyBTUfyu6s,LOW
net_00603,1,2,BzBSShDBg8iZDZSsYPoUDWPh71y93wngju4z9zfz97Zd,LOW
net_00596,1,2,Bkgb8j2KwhKbDWAwwcPvUhR8ySfiZvtL33MvQqo2Sq3m,LOW
net_00595,1,2,BkEvXcN1jy735i3FPrRDTVDbbBGFRhW5R6riSxVUdFnN,LOW
net_00409,1,2,8atev8GbhdjPcBTUf14JegJqQxFz3FeGmppzydM51zDS,LOW
net_00550,1,2,B4iULm97JQ3EtkVKCoo9VQgUVE7Qj9t989oHyexHomyf,LOW
net_00501,1,2,A9J2YKnXfE5NaYDtjhUPY8AWp2sN2Somf5RfUKtidqnE,LOW
net_00436,1,2,92mWjDdD5MhTFfPkLtnnHPY92SuDTk59c5JFsJdAjPvM,LOW
net_00423,1,2,8nUVPEYwk2bHBgTd8ZYBqarZMeu6gqZqJtqG6v2S9Ux8,LOW
net_00525,1,2,AZ1SrngaFRmm8UDUNciRnJ24ZAEp2MfSnZGbsfhDtsfC,LOW
net_00669,1,2,Czj6jiWLXSS4AroaB86kTCbv9RB9QovYjNL8cijgyWeT,LOW
net_00334,1,2,7NAd2EpYGGeFofpyvgehSXhH5vg6Ry6VRMW2Y6jiqCu1,LOW
net_00513,1,2,AKy8XbgxizDq9AaAYzvwBkeo2pkU8h8NsFWoUx9kjguh,LOW
net_00238,1,2,5uJKZDwcBy8bRKwBuH71pnoZ7GndLzd4bWQNHaZPCb2L,LOW
net_00071,1,2,2wQaMo986mEPbmngtkwgFtrUM2ttsT8cEqkMB2S5qFLC,LOW
net_00495,1,2,A3W8psibkTUvjxs4LRscbnjux6TFDXdvD4m4GsGpQ2KJ,LOW
net_00992,1,2,Nsgx8SAf9jSmwqewSttpXbEKAHSPZPae2gFLfj6Yu44,LOW
net_00981,1,2,J9mFDaPiN738B6HexCcVw2KN1YnvgwiQ3rZbfp5frCna,LOW
net_00862,1,2,G9VPG4XvHheUUbzPexNzx9Yyx97ii53WYb89PvdM2qQk,LOW
net_00983,1,2,JAQZkUqCfWjXu2jKVDbBp4LD2SbYcRHMN1RN9N8uWiBn,LOW
net_00703,1,2,DTvi6ARgZw5ubRxfZgLs3PQKqXchB5UtU8DZibEThBgb,LOW
net_00696,1,2,DMy6J8XXnqg4ZnMfAAc5DNgtVmcbjtXSQidANynigkkD,LOW
net_00650,1,2,CcuS6zjBQmMj86z3drYMCA12W8bhHWP1voMyKKj2C97D,LOW
net_00986,1,2,JDd3hy3gQn2V982mi1zqhNqUw1GfV2UL6g76STojCJPN,LOW
net_01077,1,2,gMvUq4pLkn8dJ3D4U8ZCy63WSGbBZpS2LHBKCZnDYmk,LOW
net_00486,1,2,9vLNwyGUPqi7sKKLu6QzbiQoe8nB6x7Wmm8zWS5ZcQbz,LOW
net_00922,1,2,H4RukcZAiCu14KbL3jM9H5sdknzQ3dpgYXhURuZb96ht,LOW
net_00012,1,2,26gfE3k1kriiQ5iW5EKtPPNVinJFZULxtv5Jj8DhhyEh,LOW
net_00317,1,2,777NtBUTG9tVu8Zp1YuuF3T2Hxi9cJzbbG67cHWi1aZ5,LOW
net_00147,1,2,4GH1YzJPTX5ggpL8smF1kjbYdfUBHULvj6y5zFLahcqV,LOW
net_00827,1,2,FWQ3sv51J5P7o6UwNFuT612HUG2CitRT8AJTtWS6Qs5G,LOW
net_00634,1,2,CMN4HErpURnxJJBjFf54XiS8sY9FjBPS1fYSc6FnhYQL,LOW
net_00013,1,2,26mLzoTp92p6u9uRai4inaXkuyTtE34FNjKs4i8LKFfa,LOW
net_00563,1,2,BJ13Ezfu5f57G27VzdjqauLRYND7SZ7D9cor6UG2XEJY,LOW
net_00490,1,2,9z26ZcuYJSryeMYCBniLfMg6qSSFBgocsHT61GUigDgs,LOW
net_00075,1,2,32cjUdpHRPH4VR4ZsEuVCZw5wWukV5Xi6WAGKXiPqcNH,LOW
net_00287,1,2,6Yb3VETYHqMAgURrHibTDC3W1zrKXRkucD5394KoeNJs,LOW
net_00209,1,2,5SZpbVJMskTQudXMNbDtrWuW7JefhX4KtRMNus8XuEoe,LOW
net_00948,1,2,HV1KXxWFaSeriyFvXyx48FqG9BoFbfinB8njCJonqP7K,LOW
net_00438,1,2,94dQH3z44Xu5c3z6w43AFD2Hspe5dBq4x2sKUsZLKKSD,LOW
net_00189,1,2,59knsFPuFnGq8wvAp7EFj4t4swwq8KkSkBFX7TgSWtU8,LOW
net_00504,1,2,ACfeAzJ97EA8mSxeyS4Ng77VTVSrkwNWYaYxeWk91pw4,LOW
net_00051,1,2,2cPijLxp7zU2c8525oGasbreBFkB9EzgaqZU99ZUrikC,LOW
net_00751,1,2,E8BdMGWjz1fMxmD8CNjRw6eAZ2cKeoSq4b3r9bKXvHWy,LOW
net_00556,1,2,BBPKQwYLyiPjAX2KTFxanR7vxwa7majAF7c7yoaRX8oR,LOW
net_00281,1,2,6TbDFs2dkHETrRWVbheiC11bwg7EWLDgszsCADF1ML1b,LOW
net_00890,1,2,GZ2VofY4gMPEopeN3oD4UZYh7W91tB7WdmzRDjKMUbJe,LOW
net_00811,1,2,FAicXNV5FVqtfbpn4Zccs71XcfGeyxBSGbqLDyDJZjke,LOW
net_00354,1,2,7f71s3EriPyAazSWcr5BTBiFXiNgNBgjUn4mCdbT1xGr,LOW
net_00060,1,2,2nxt4Sb3LnxdZ1LTzZNPcExysG41fonwwGuGVV3rQhAz,LOW
net_00876,1,2,GJw1MLogANvEsgmw1KqaTgLQoDyHzxBYfx5izozJZJvf,LOW
net_00805,1,2,F3JNpoMcCQjvz8pQLJFRBVrWHkrLRvTmnJBnV1kpujNV,LOW
net_00580,1,2,Bakg3y3VhWEqN5PVCorPbJF5DaqrjccxhWpNEcG4rcyy,LOW
net_00393,1,2,8KjdBwz6Q3EYUDYmqfg33em3p9GFcP48v3ghJmw2KDNe,LOW
net_00217,1,2,5aea1pYqYRTmAr4JNg9q3RNqWEGuxQMNadzt4oWAv7kh,LOW
net_00581,1,2,Bb3cbhXKyHuMv1QQ34SMfhT7QBiZM7ET8udpEcpZGWdR,LOW
net_00435,1,2,92ZKUafNcfv8515gEBgxPFwVYMd1DdZkxyStsoGbgXzs,LOW
net_00522,1,2,AVjEtg2ECYKXYeqdRQXvaaAZBjfTjYuSMTR4WLhKoeQN,LOW
net_00141,1,2,4BEPP81CCjhLMsVE9LEdJdvxz6ECym7mnj5KwPqFhkrS,LOW
net_00453,1,2,9JW1yLn72ucagmQp28T3morHMJrvyxHMLHPMEXLifEtf,LOW
net_00394,1,2,8MCKhFvQLuzW9BcESX2bouEit4StG7e9L3iUFZobUxjZ,LOW
net_00079,1,2,355L1qYydbYfbxMy1ft89kHxeVh6vbAUkLiCmZN1hnLC,LOW
net_00448,1,2,9AAK4GKLAXx4k9JvsYoffPkifB8z57C6bhDuDSqfZghZ,LOW
net_00114,1,2,3jTM7UJ36bPZhDgxeCe5DNn9h8f7a5xrkJmrwkbS7BJc,LOW
net_00395,1,2,8MaVa9kdt3NW4Q5HyNAm1X5LbR8PQRVDc1W8NMVK88D5,LOW
net_00931,1,2,HBkgq2seuoq7kmZ4KNfyWXWFVCrZ5MZ2HZQSDg2Pnjvq,LOW
net_00398,1,2,8QGt3aPPz8jh7SGAQ2gNEWCFv44PzXjirkoGFtPH3ymB,LOW
net_00402,1,2,8SqDa9oXTmUY4KMJy4c6coZwQCu1wkeUTwKjZF8KwdJ4,LOW
net_00099,1,2,3UhVbCVb6cCeRfTFLmYtaqWjpJ6YLeVghYAjngV6hSyH,LOW
net_00616,1,2,C7nHBKUqhw1pYH6WRtQ1goAqjpeDTfb5uHB87yT8q5hH,LOW
net_00666,1,2,CxMNfL7JAFon8MkjGvFRodsJ9Fzi4ZCQ4QKBNhhDgb2Q,LOW
net_00606,1,2,C29NGFYuXttzz4q5qy4Zq8qdJkyxKd6NVePzNTtnJpMf,LOW
net_00498,1,2,A86Sp3C2Snr6yDf7kqVwpP9HBbt5HTMWuCb1bSYWiQ6Y,LOW
net_00080,1,2,381HeXaTTr8pnd4Q1tPaAD9gJLScxagruwWVG3C7QF8s,LOW
net_00701,1,2,DTbMwEZ6xfouMAbog188p6FGAk2k9LzJgY3Rd4i5MBRX,LOW
net_00017,1,2,28oZfhJGzQrGghSXqqqH5V5ckXEGSzktDYxvzmVH5jqa,LOW
net_00771,1,2,ERutumXj3TV3mpXyo1TWsKJnsmJFaaszyux13EPesa4t,LOW
net_00755,1,2,EDYFBe2yd28ejpJnzgRVkE6HkMwKCvYvvM5nULjR4Q75,LOW
net_00426,1,2,8oLLdaV9q1cFckyQhR2CF2PpW6FLHb9Ci7eHcj8UoeqW,LOW
net_00288,1,2,6a4QNTEEkS3wuPs2w2tAEx5QUKAtEJUKD4VCaaZZTncX,LOW
net_00182,1,2,54xrJ798DGwH1UA2H35QtAzKT55t8pL8bjBs9Arz3eoP,LOW
net_00200,1,2,5JtWUBkcGG8dAh7MrQqfVpUwq8bLni39zMG555EQ5RvQ,LOW
net_00089,1,2,3Evm65bzAk4i4A3Uds5mLkpLYGhXKzSk39Q2TqaJAzWU,LOW
net_00756,1,2,EEUDYyqfC1k9dYjaf89eEgejpczUmM8ioR3TMw5GD2gi,LOW
net_00572,1,2,BUBBeczLdwuwrZ2FgEA9FGTp8dQJaeBm5cJwoWEq9gYw,LOW
net_00333,1,2,7N1VsYNDzzNAUx2JQcVcKtxRt8pj7u8UrJjPSYmwog7e,LOW
net_00740,1,2,DxBkhgcoFqi6rs1e6Q8iRAGmghpM738qscTziTstK7BA,LOW
net_00118,1,2,3mvExPNbnxP1xpMk1V8bxh7iB13hV1ZkzKaq3kwjkqBn,LOW
net_00967,1,2,HpquhoQ7KD3ss1EYL6RwZiR8uagKpnBZw2svTnZGpskp,LOW
net_00387,1,2,8DPyz93MLdeYoeEaYHuBVakVmPJGq8AANqBKfURESLoi,LOW
net_00119,1,2,3r3vhXn76mjGtzQkspRsHVgRevyu2hn3X6g2gfWAYtXR,LOW
net_00946,1,2,HTATV93wbXWzhT7dguDMxBzkeLB6GSL7ZTM75mM7GhU7,LOW
net_00121,1,2,3rSpPSo9aWc2mAqsn6Xbh8ofxaVMXCvVrYgd2BYt5XA3,LOW
net_00137,1,2,4615MTbMf1Zt597SAYMp5gZfyeoYEKGjPnnRaBPzjiX5,LOW
net_00240,1,2,5w7ARgSq9JNGL6DqwVbD1UqQ1obJqSoj5GrPSBii4PqR,LOW
net_00286,1,2,6X6yUYJWV411RkcNGSnmEWnnMs3uCP9UGaPN2vsMh2jk,LOW
net_00297,1,2,6hHaBcWYpSgcHeeDZJVA3omMjApRqJ1xU2MtF4BvLmyS,LOW
net_00319,1,2,786RhZVx8zj2gYcmYpdyddxnWZes2AKQfgceiALJvZaD,LOW
net_00279,1,2,6TQ5D2ntn3jNMPzUAx96NnUfkV87zSFtQHfwup37mWVN,LOW
net_00579,1,2,BacinrxBsuHcXmjbWhjTKLDRbtMTFK7MEHMGYr7kHwCZ,LOW
net_00014,1,2,27fGAjrofoppxSwpWzXWCTvzJvfWSd7Gztg5Ld7pCpEn,LOW
net_01092,1,2,shake2LcmdpGAkNMJ1fTpQ2GiEAGFcBNsB8hPdtT61P,LOW
net_00976,1,2,J4RcXYsnCwSTkns6ymZWCCY6wjHZB431Sj13rHFuosrM,LOW
net_00429,1,2,8rfDuhKpquS4G3qanhQhTts5cgW3eCfgtGpMjnjz9UoB,LOW
net_00309,1,2,6wowwKG1ztzTRBzrVmxuWnZVUh8AwcPD2DFEXPgR1VsM,LOW
net_00301,1,2,6qcSCzTbyYMmfW7UyvcuGK23jDB9JYqfXzMz6GumKcEY,LOW
net_00128,1,2,3yiFstJUjED9nwTA4Uz7sczKBYhVyChv9rwx9dtfLZ9u,LOW
net_00104,1,2,3ZUFkUyFKyKu32MDUHVsx2ae7kyJLJWCDyx6g2SNNfPm,LOW
net_00055,1,2,2fh7PatbN2q2tkPpD6P7wr6AQCSuxFbCzfFPNnBAZWGj,LOW
net_00575,1,2,BVfHvqbqHfHJvwydUXYKKKvuQnCzRvZX3ebzRKBuAbLY,LOW
net_00973,1,2,Hyz8paNbNLSYxSfWT8KT2JDyvPW7E8yJBbaGnsZV7WE6,LOW
net_00517,1,2,AS25HYWuQ5c8wgD8VTpjt5oi5vYErm1R46XGr3a2i535,LOW
net_00349,1,2,7Zv2EbUFKWunPTa4AwCE16pV1cncqheUybKdDyQBSVn6,LOW
net_00578,1,2,BYJEWK5k3WT3e5zKyXw69ivVGNkLyk9jPjd3dhxgRj8Y,LOW
net_00350,1,2,7aFWP9w6AKgcv16dsL8zZ6qysaYmdjhvjv7demw2GNAG,LOW
net_00799,1,2,Ey8d4JPj1DEsT4NHdG5Ktes4EFLvUwB8hinxoUqbhD8Y,LOW
net_01076,1,2,fr6yQkDmWy6R6pecbUsxXaw6EvRJznZ2HsK5frQgud8,LOW
net_00680,1,2,D6mcPKL67yaq39dM1XkpWa2fDHtu2B9KhwxD8zzKRdQS,LOW
net_00594,1,2,BkA4DmvKTzNKKgfsZQfXNu3mLtppwUcMHhc8Dua2Tddq,LOW
net_00549,1,2,B3JyPD3t9ufZWfL3namyvoc258KH74JojSxxurUg9jCT,LOW
net_00480,1,2,9kxat8BRy7UGWjFHMa1fYUYqNt94K6f3sLhc3Kx23Tqi,LOW
net_00367,1,2,7sjdMuJjtCx53rmYy5axYYSMwxjSeWiyquE6sXZdJwRA,LOW
net_00590,1,2,BgMLWLavkvRn9ytzCFFdw7c4wxvNVEtUHhCPELSWpfs,LOW
net_00706,1,2,DWwjz33Q9unAch6hJoZzw1skYUf8EXYRjLtPnZT4ABz4,LOW
net_00991,1,2,N9SyhAXDckG4y2B911paJPpwS7cvxWSxcng53mebXGf,LOW
net_00987,1,2,JbaY1xiAUsmjzTam5SfLBjxL7aHieUETQNjwhjhPe9v,LOW
net_00864,1,2,GAX5hqzH8a6PQcmPBVrXX5ivMHEdd9LnLnBdQZtEJ1ie,LOW
net_00664,1,2,Cw7h9c4h2V2UtWXpcyj74zr6mTNKyMCoTFHwYNsf6P4N,LOW
net_00611,1,2,C4udGwTg6oqcrr8SmSLmkcXDbaFEcopsiaT21KUE4psU,LOW
net_00437,1,2,93aLkQU2fBPHSWR9egvtCLYJE6KSb4PjkAnHXN6eyU4y,LOW
net_00445,1,2,99DhW6g7c9Q8tq7AsTRgHQ9sHDBwEscBwubMAc9PPXHf,LOW
net_00907,1,2,GtnVLVRtQaBW45HNnRsVaSuMu5FR2sVKsxNtajkg5BhL,LOW
net_00073,1,2,2yv7rNuV8Zn9PEbew2qvFS4EYEv3rXrJBDtn7JFpLvwZ,LOW
net_00228,1,2,5n56QvbaCLhdLe8vDypz5WcVyX6U8a4Q3Lrj7EmTucVi,LOW
net_00473,1,2,9cdZg6xR4c9kZiqKSzqjn4QHCXNQuC9HEWBzzMJ3mzqw,LOW
net_00391,1,2,8HSa3Ktvr7WAkLhCHxi8LqvN7kP4Upd1GFqZFcDnr5sX,LOW
net_00025,1,2,2FPUfeC7VwFgea79qWZ56gFA89WepHtj1Ta2UCxXVhdH,LOW
net_00721,1,2,DfnGE3ZmZmvgJ3BTyZh6sUMzMEK6HnydfAypV8m9yfUv,LOW
net_00562,1,2,BHREKFkPQgAtDs8Vb1UfLkUpjG6ScidTjHaCWFuG2AtX,LOW
net_00410,1,2,8cq4Pg3ghj6tjqKYbaJkZtmBzdX32MroCQkGbUsnqT13,LOW
net_00308,1,2,6wUum7cHTvYyfLUCQVyHdznoAByK5sn4gihySDyU9JQ8,LOW
net_00257,1,2,696969Y6orZEjp4gZtwcCZS7TNVuhMVE6G5mFvdJ4mYq,LOW
net_00162,1,2,4isPmqGiTP4fYxrdxsd4EawtQJzmRKaqxPHFNjRzvfGN,LOW
net_01071,1,2,eXTHsHYoPTu7X1hcRf7GYzJJojSryVF3tn1jkkfamc5,LOW
net_00806,1,2,F3oztRehB8B3GYFhvFHPQxKHE2tnSh1gj89XqmUvLnBU,LOW
net_00762,1,2,EJtWT38XrAFonkJfpdwCSnVVju6K5VRcc4VMTnV7szCA,LOW
net_00476,1,2,9gQR5PWpmyK4EhuG2VASGreQ8Wf6uezPNbzKDjYz1V7i,LOW
net_00352,1,2,7e6M9iGdpcspWYXRYMLJqLgUjvQu7FvrBm762DHNnHa6,LOW
net_00135,1,2,43SnFDEWqDGv6inBvN9LPChrfATHYQYFVDiUG7y3uEDi,LOW
net_00883,1,2,GUZv3UAzUA4hMuxxnmZwaUiufoVDJFgrGPGLTh6XFQZv,LOW
net_01048,1,2,TWFocwDebvVTYyqAEFYiVh5xsnuXVPNto5poSGyyB7Y,LOW
net_00979,1,2,J8AJAD5VkTMA1ycAJkDhT44jyxnZLhJjPWyPb51gV68n,LOW
net_00929,1,2,HAPYpWXFySWekGVLa9cKRN8hgtthqiEt6nEtsZP4QJiT,LOW
net_00889,1,2,GYbg2RNH3JbBhBwU5Jqp3EZnnHJFjNSRy1ormupTRNAu,LOW
net_00832,1,2,FaF7CtfBzWAiFVeyJQXXARhqga3JqjMwHmki5RcY4HMn,LOW
net_00737,1,2,DuGezKLZp8UL2aQMHthoUibEC7WSbpNiKFJLTtK1QHjx,LOW
net_00553,1,2,B69hjmBJsCQMM42RHMdoZwDR53JjuGCtLPiNaxUpEtbg,LOW
net_00467,1,2,9VXuNqqqzniYYW3fRDeaCtUUtqWsEeWWn5umh3aF9h17,LOW
net_00369,1,2,7wHvBDXBUtVwywUhhKkFpnkT7HL2bf56EkXcSHW9qyhJ,LOW
net_00361,1,2,7mPbaHF7RaPQzmYGeesJE2tBVxAG2M52yD2vV4Y9qHr8,LOW
net_00341,1,2,7UHiVbTBiJE4ixGPq3HunKdyrFdiwo5QNyc3gTN7MSLY,LOW
net_00564,1,2,BKSaXXgidddyTcBPukfMv2KueeCwNVHWLZ8n6Bydak6z,LOW
net_00008,1,2,22xdcRWD5uvpfjGe1W9oPhuK5rbiQ7K2B6niPhS12joi,LOW
net_00003,1,2,13jny2xDnbA745QGXqQFkCoKMAzoTHDnkETKWfjDcpuv,LOW
net_00725,1,2,DjiJKVgtS3MrR9VasbQWMMZUpB4zsbipeKUJR1YLw91r,LOW
net_01096,1,2,vdLW5cPMTHMgknRjDt8kUkT7M4F9btTWJ1UgApWgXQK,LOW
net_00305,1,2,6tutHjh6KiE38T7PAVoWJgGQ3v2hQwyJjKw6bqqYexgV,LOW
net_00953,1,2,HaLraq38StWCMPVw9j2SvtR19tGpJghw1CHem5L5pDxV,LOW
net_00869,1,2,GENsHsBM9jk1L1gv3n7UcXq1yT6AMmHNHe9tM2tExkuN,LOW
net_00763,1,2,EMkhQXwMdxT4s41KXN9SLTTBHtegb9Dz3XwfcZxpEkYB,LOW
net_00560,1,2,BGASPyexYFLvAUEJVGcfvh9bymeCB1Xh34dLTRv5CKyL,LOW
net_00488,1,2,9wBVjmuJCLLs55V9d82aDCoi8kVLaBaWgRHKUWebJVUa,LOW
net_00171,1,2,4qQTYM9LoxxR5kwzdQRSHUPXosa5qYVoiGW226wehoJU,LOW
net_00663,1,2,CvNiezB8hofusHCKqu8irJ6t2FKY7VjzpSckofMzk5mB,LOW
net_00789,1,2,Ejnzx3EvwAPQCQBTnZqWazKztwjZR2EJ9JirXtCTqJ2G,LOW
net_00898,1,2,Gj7mDWSxTgpWhFqFhaT83RqCvBeCxYizu1hU3BHBVctv,LOW
net_00936,1,2,HGZnLXib1nUPoRPBQBabmpjpy8qPkFSQv2yqZbLQGncr,LOW
net_01088,1,2,pwZpq97vcUqG5r79PMYJ2rPdJeVfuqdTaxmNvj5KYMR,LOW
net_00004,1,2,14nQAgu5NbWjH1hKUcxdujPnfnpBHmy4BxqaSg3TDi3A,LOW
net_00009,1,2,25KRBBvQL78rTgcGEbkcDZwQwh2Z5RM6vfQ1VDRocARB,LOW
net_00100,1,2,3XpWQzdfP3up2xuHEfaGPFXGnC2YwccxcBfVu2dh6KHf,LOW
net_00175,1,2,4ui8C6ASWpNWLrPX5ksRUHCHgFivWs8nh8tfLAP1jdjL,LOW
net_00244,1,2,5zCkbcD74hFPeBHwYdwJLJAoLVgHX45AFeR7RzC8vFiD,LOW
net_00259,1,2,69aiAKU3uJMxMLRkUEGFNt6nQ43PiVimE4ZbErJ7VSM1,LOW
net_00314,1,2,759HH6y2i89fu7fnDaiFPGkJw1usTgmaKPJ4DM31n6n2,LOW
net_00416,1,2,8hnS6wu4anQoKHBs3xw4kwcKxejuVFuLsUVqhpkdFxza,LOW
net_00011,1,2,25PuSE1RVeeau3XhVLY4Wrhu1D5osFf5DZkYqVqKHmDf,LOW
net_00102,1,2,3YZmDD3VvN2DynDxK5grMsQRyjxtmrHWqYwKHdnmfATo,LOW
net_00103,1,2,3Z2LeuqyurRWBBcDdGgzroGHbXgzDFGYfWESoAH63vR4,LOW
net_00111,1,2,3fGccyWGtAdJvaMo9Xt2pqcZPzKPEVeK6egiqeM1p28J,LOW
net_00797,1,2,EvhELsL4P6bTFqZfsxxnaXjkmc3hd1MCSieFzGFAaSYc,LOW
net_00726,1,2,DjtiCPKFrtgvawSKkwPgvNSyWa1DvX6ke62ponWA6Xmn,LOW
net_00692,1,2,DFumrtH54H2bcLu4eNYKDtCmFgvFqFCGKafWMFTU7FLY,LOW
net_00649,1,2,CcLrWoToiEdkJzgZo38GpbKBA7468oskauwT7EzpbqtU,LOW
net_00645,1,2,CWC4kVBcxLhX4WfvovvkdKxdgKZF59cMCZNZSTC8tmW2,LOW
net_00626,1,2,CDnLe9bYd3bm1DnU2ZC3B7yHXL3CLN9oNmiDk74gQaDv,LOW
net_00555,1,2,B99f2KgsS9G8wuM9ATCFHLYTorCPczQ2NdQwJdUgemu6,LOW
net_00542,1,2,AtqYuVg4pwP45fLp64uCjiPhEEe18oPVFBvPJAmFVeN7,LOW
net_00535,1,2,AijHFZiCeaSYvjGUDiTAWSM4oeu3YhSop3846ofhdZ9y,LOW
net_00475,1,2,9fo1r2cUX4Q51ddTqRBhmpEQNM6DMwtDgw3trA58rB4W,LOW
net_00447,1,2,99h2mLnkWQer4xbiAnERwajfLaqJocNyEvxgt2SFabZd,LOW
net_00427,1,2,8oLkB8YmikcATgYYktWFHZpPmsSkeiP1pvGZeDpsviQX,LOW
net_00420,1,2,8ke2nVukWmq4xGh8p4zLbpusjv6iM1EWwBeSgLYJ2utr,LOW
net_00399,1,2,8R33qpkB7HsFsv8NqEmZQEivgUVn8nugC6CUXsUVCnCR,LOW
net_00390,1,2,8FXZ4idGBiG6pTaAyvzKzVnsoxRLgSe2Q3wXcLTKgvZH,LOW
net_00384,1,2,8BJbHxt8NAiMghbAPvY4hpRHkiHdor6WegyQ6Du8xAPS,LOW
net_00342,1,2,7USLWHA9KB6phdJVE9m2zsC8iRpwMJ1R63ari6YFVvMV,LOW
net_00326,1,2,7EUM7odLbJmJLPmh1i5TKUPx42XyGNdLHd7q5otPu3xk,LOW
net_00216,1,2,5aSUi5hyMWjpuprQCwoh2NehZFeuqsZerpHXXpF3hhre,LOW
net_00214,1,2,5WHL5Redh2mWViobja1RzmHkSw9yJHHcJAwyGvRBLpL9,LOW
net_00188,1,2,59d9Vb5qPhBgMNxHhFfeTHs3Ta3SaacXAA3m6Cf1iASc,LOW
net_00158,1,2,4dhAfADbRpdutDFDrmz5QVdUcE6GtNMT2zR1kazfsTJy,LOW
net_00115,1,2,3jbbaiJigBCHpXBRdtgCP1ogUmH79ySUpJbRmgFHY91E,LOW
net_00431,1,2,8uLHNVyv33KftdcMUXyjqE2Kd1Fjyp1UMBrc7zo8Z6wM,LOW
net_00815,1,2,FCz7XfmKgpxn4aJGjgpwgve3DZbk7HUvYgzrkrju7aUZ,LOW
net_00810,1,2,F8rLhB5uXaSVimTbAcv6cAWg5gL5YGshvtrFny4FdXjG,LOW
net_01031,1,2,RBfi6r2k1GDKLA4wNm59kqGBGtktr3LaRYvRWgnxVav,LOW
net_01042,1,2,RBvBDLxTrUqgGp7psF4JrKee9WbGY1D4LPKoeKbPoJ1,LOW
net_01041,1,2,RBv4KFFAstYvckvPsojMG9TR7niM2Vk3KD8wFDhPa22,LOW
net_01040,1,2,RBuznn1PG9cNCFG8SQjosf8gzDPFfWPiSdzyiTr73iL,LOW
net_01039,1,2,RBqZeR4hmNAfMmayALizHbUE6WVL9ZaNKW7iRGUJVyb,LOW
net_01038,1,2,RBqMTDzAhyhWCJzAVsYB983AJooe5M7z9YMHR7SqQzY,LOW
net_01037,1,2,RBqKz7VrhhUzW9CFsBVNFwHN217e7kxnrgHNYQQNKeG,LOW
net_01036,1,2,RBowZ57DeT4GUCG4qq1UuCvEHqUXjQeEtwgs3d6DeWB,LOW
net_01035,1,2,RBoi4YpkbczfVce4ooqqKnPt9BNmwCNvNCRtDPvyJwe,LOW
net_01034,1,2,RBoH8BW4rX52jmQjpbt3nzE9yFfUrUv3mgUEDSpfdq2,LOW
net_01033,1,2,RBnWyKPLZoPZp2EtAXnw6JoAkgBy6PN3N9pLJVKfjf4,LOW
net_01032,1,2,RBkojpBzkpVV53Zt5DUD1TeS2Y6ZyHdbBrfi3KZoGDk,LOW
net_01030,1,2,RBe55i3XwWe5f73nr6jKkdduByQxz5ACPLMgtQaFd5C,LOW
net_00888,1,2,GXb7Qk6hCgropKjPKrbQ4CSZsPmqYNqio5YuYDxXXWpg,LOW
net_01029,1,2,RBd6tdJxVoHonkE3oP3uu2mztzpF4Pdhz35Pe31MW6Z,LOW
net_01028,1,2,RBcHEh23hm24L6UMQFTU6wiJzU8xCgY8GnKBguuCdYG,LOW
net_01027,1,2,RBc7VQMygUsN1xHpwPzV47b4ifMM2tfm69jNftNKx4T,LOW
net_01026,1,2,RBc6LBAviB6i8xcd5CE9STiJJuFdk7yMP7uj8EUAAgg,LOW
net_01025,1,2,RBbjJnzJ5NrLTXWKfRFdFmL3arKMFp6KYQRXbFK4UTu,LOW
net_01024,1,2,RBbipEr2VeytiZkkV8deQRonkn9xnTu19YXE6Wb7MMM,LOW
net_01023,1,2,RBbYTvDhw638rFbVDMed1ZrftQZXzbxZ3PGtfFZvGrY,LOW
net_01022,1,2,RBbWv7mEA5Yt38fgF89ZhHv5bbFyXMqS4NPUeTPLnwF,LOW
net_01021,1,2,RBayjSXG4qewSGJCcqkscYNd7xESeCAhLtY9ygE9dPS,LOW
net_01020,1,2,RBaTtrGFpSWXHKpkFkMRN1FdtquNKAFAj73dH7UgVfJ,LOW
net_01019,1,2,RBaHyXyzxCBXEk63roxqfqYGZ7wviZNBp23URhiLosH,LOW
net_01043,1,2,RBxoTLEphH3G5vQ1HMnBWfVCJrv8MLTgjCj2dZCom3w,LOW
net_01044,1,2,RByN1UFgdwgyTnyVaho3q6JoY9afpXdLwmsh8xvVmYb,LOW
net_01045,1,2,RByPVUWpZ62VffFAGFJo9CAbNfuwHjmGTP3XNDxBMu4,LOW
net_01046,1,2,RBySAuK9yhYLrGMMLQ936KJsgaDAAvXWoKKDTFzoib4,LOW
net_00994,1,2,RB6kiyzjrv9P7ct3ZsG1o4Euab2Ttw9YSD9AynGwbKT,LOW
net_00995,1,2,RB7ovxV9Cx767THm8qvvDgSupc4tyho9RcRsjrq6fhn,LOW
net_00996,1,2,RB8KtcgukCMinWv4WEhbQhcMzCXH1LKxHY8X1bkxNpS,LOW
net_00997,1,2,RBAYrnUes7EmsfeeVEV4DG9PSNHc4QhUnzJ7ivg1FQV,LOW
net_00998,1,2,RBBgUDs3NE5CR7MmxRPmTPmr1JL5pgJc5WSkNMuoLji,LOW
net_00999,1,2,RBC2X2inpfHyjyqmgUVUY2WEDEyQ4mBVhr5bNppwiBy,LOW
net_01000,1,2,RBCL4X6Fgvb4LA9LaNVdDe2RvJxP9vfwa5Hwrjd8NEG,LOW
net_01001,1,2,RBEAiMc3WgVP3VsQgfZV3zSadBCC1gEYg9niZ9TyiVN,LOW
net_01002,1,2,RBFHgQmcej7T7LDFVkAdrd2xMZLZEcLS8NmGrDhaoHW,LOW
net_01003,1,2,RBFSSVXMPAKdjQq9CkRzAqg2iwgoeJG4mKEqfuc7SQr,LOW
net_01004,1,2,RBHdGVfDfMjfU6iUfCb1LczMJcQLx7hGnxbzRsoDNvx,LOW
net_01005,1,2,RBJAkBSnek6Tqve6UAJx2yg96nHAmLBo6VqjKjTJnrJ,LOW
net_01006,1,2,RBJMHyip8qYKgrNP7Qj7Rdn1r6ZtRTeYoJAgCHeu6WD,LOW
net_01007,1,2,RBJyVqUiD8gDqiaVrKyLx5dZBpiACMuCeThPuNYZpBW,LOW
net_01008,1,2,RBKmF7p4vD5B6CbwAWmKP26H9MWuRpPeiEokDHj4oQq,LOW
net_01009,1,2,RBMtd5KgXb6kHVh7WnXNmAH183KLTxHxvAqaGdEVypt,LOW
net_01010,1,2,RBNywNvDPz2v9z1KVVjiRpqywPUw9VFp9tDKBEPUTWq,LOW
net_01011,1,2,RBP6swWfCcGDvbZ2ozDhWS1wdsDWsLFbBvjGx2od9AZ,LOW
net_01012,1,2,RBQa96ybaCwtJvU8ErQF16S6gP3ntcGt4u1gcyBQ7MN,LOW
net_01013,1,2,RBRxmmdpj8FWAehshL1SBK7iRRiYyDWu6akyPf5zY7q,LOW
net_01014,1,2,RBTSQEREUxTQqeVXzruk81fT7ZpqduqU4nHfP3YAK3C,LOW
net_01015,1,2,RBXFkeQ2BvVgqMuYtMpMJecpFzk94PG2X25tmmaWFnf,LOW
net_01016,1,2,RBXMQ3ZTV88uCADDBzeAw1EuwADKn8oKTeDxxydofzP,LOW
net_00808,1,2,F6XyoWWd9SFMrA216erU8sFJVtE8Bq8tVvrz3PcaiZAV,LOW
net_00821,1,2,FPpARbmWsfDvsLt4jiAQsJagFHfSS86Pp3wCr9Qi8xv,LOW
net_00328,1,2,7FpqTKYRHaCL7j1JUD5UmHdS7fr9gfKwHejf4etoWJez,LOW
net_00818,1,2,FJwE4kaN1YBDk32yq5iF2Cz2GL81D7s54CqJ9Dgxp16a,LOW
net_00470,1,2,9Zu8AigeXgFAajBTni2VWw6Wmz7XxDqHmY5nQwdCWAyY,LOW
net_01018,1,2,RBXTCDydMh6YnnEjaN11TfHotTeozCzngcv21LeSVGe,LOW
net_00357,1,2,7gWYvKA5ZTt4gLPoTKV9iAd3XXerF9z6KYEFUKREMGdh,LOW
net_00343,1,2,7UbCuf6eBfwbtXHQNHJy2zYmiJ3Kt2BNGtYG4qcZUGME,LOW
net_00116,1,2,3jjP6mhiVGbXGY3gWZ2H1HowE3FkWBmsEWb1HzbEvLMX,LOW
net_00747,1,2,E5j2karHHQZpRQHxPPfSbnaSrbW4hPijv2wV5JNUj9K1,LOW
net_00608,1,2,C3aMvytiSZ4uqRmNWVMcqTCMvALtyCCJjg5vVkQTabgw,LOW
net_00457,1,2,9LxMdvs1m8QRFvFuhvzzMXykAkpaHTJhktULdpBztUMm,LOW
net_00330,1,2,7JULSQyxhhTBzKjbAuDuxYYvcM4QgbkxErTRA5oz6pVg,LOW
net_00255,1,2,67Nwfi9hgwqhxGoovT2JGLU67uxfomLwQAWncjXXzU6U,LOW
net_00675,1,2,D4tNZHkhZZ2khReTAuLZKggjxZ1mCFNuz4Lm39s3kHGR,LOW
net_00694,1,2,DKCH2VT4NutJp79quYEU9Z47KrX9fmWcMKyXcGEqPmbD,LOW
net_00223,1,2,5gMno8MC7dj7HKmd4TL8C8eqP1ude5XTiUe5381dv5Y2,LOW
net_00557,1,2,BBZLtYnZNVtt4FC5zux5WL37PLgTqJ9rPMEGu7VxFA8,LOW
net_00788,1,2,EjXnmUkoXG1LqaM5nY12JNVYJK8g9Pds4W5S2dFZ5hbd,LOW
net_00734,1,2,DqQSVtiuPVnDyuF8TUu78fQRw3P5QZ4LX8i9r9HgMX2R,LOW
net_00635,1,2,CN8GfmA2tyr3Pxmy5sMNhaGEFhAvy8AjnWMevXSZNxFq,LOW
net_00481,1,2,9nBjWs7R8ec1znv6XkWyRwxBw6VWVZM6eYn9SqdfMr2c,LOW
net_00439,1,2,95VYXCyCrPt4PBa8MWUdefjsiovQiAh19DtgHw8GwbjQ,LOW
net_00266,1,2,6GNsTT7UADAPVUYzKWKNHHMkfi5ob227TqU5Cctt2GvD,LOW
net_00243,1,2,5xpb4js5WjjT3NQaj3MFDZVy2k7VS5RHW1C1DA4PXJcQ,LOW
net_01095,1,2,uxtoRPdPjRekYmxs1uUqVRZWh38iqonc9KgPuZXPeSY,LOW
net_00970,1,2,Hw8stXPYa7pmFaem2qKMRANWUaBfEn4nBpuQpvgAeyVP,LOW
net_00540,1,2,As7HjL7dzzvbRbaD3WCun47robib2kmAKRXMvjHkSMB5,LOW
net_00477,1,2,9habhUzBciheRCouTfLEwjZsJU2XuK5DSwXrStsrrLXX,LOW
net_00641,1,2,CTSvhyNscqSA6NRHDycxR3dsgn3ErMJzgsXpQyDrCbDi,LOW
net_00894,1,2,GasFQE9fi8Zqc9HuEJ7U5W7vBpCY4zyNFGuqnKqtLQgW,LOW
net_00955,1,2,HcWjMX4CxPTgVp21ffF1dSkT7LhfVUTYRnxi9bwfRxHE,LOW
net_00321,1,2,79xfRyRBc8UQoXz2CMTWutG2AsBfFdJWpWJHjcwq3FHA,LOW
net_00253,1,2,65taWcFGp9vba1Z6MJeEhZ5ndGEKyvGZYi4w4nFfL8S7,LOW
net_00249,1,2,63b7qdnmVk4xZbjHfexhs7phTgnkdbe7kjsXJuWACbzo,LOW
net_00233,1,2,5rBmZQxyrMTcpHDkwAkfo3hgKUi8DcM6PPUSYHtBdG3W,LOW
net_00220,1,2,5bwVVSTDYDYpoqQTfi7YsJReBMGerDVxBk5hNRCgifYF,LOW
net_00172,1,2,4rSunYrsBCvwpziqjb5pHGNaUcs2J2y6oext5yLfh8An,LOW
net_00136,1,2,45BJ2R9oPDFyEEendBrFPW83S4VSo4UMRK5xwhPekrHu,LOW
net_00109,1,2,3dc3ysABirQH3aUbzAY2HY1UnTJLJ5UNtZekMXrgmGGJ,LOW
net_00108,1,2,3ccukMawpMxo9vT3AehchsRLxkLqsiGXX6yDM3hBj7x5,LOW
net_00609,1,2,C458ueJJxnpzeiCPLBYJDuAdXmxiekXYaxMTSif8CLCw,LOW
net_00213,1,2,5V9zsFPtN2nxoA53Xm6FKbx797NBnBZFxMdr84H1QXNL,LOW
net_00930,1,2,HAfgRjuxEztuVa5ntRtdoBkC337wzr56GgXfYfsopyNN,LOW
net_00444,1,2,98jGkEHXtQBR2mkVCCCR6U5AGdb63xjMWYn4R4My7eSP,LOW
net_00332,1,2,7Man5U2uUxDEHgsr3PSkzdozTGwMecPWAzdsANFyXoMo,LOW
net_00042,1,2,2Rc8Ecmybck28FDYZxMvwinKhZptX14y37tzsivZKNj2,LOW
net_00697,1,2,DPqsobysNf5iA9w7zrQM8HLzCKZEDMkZsWbiidsAt1xo,LOW
net_00376,1,2,84DGj4Qpypcaa5uxdzphYzkutEUTvxLWSuWq3BoJLxkp,LOW
net_00411,1,2,8d9FNC7AgKLTCPKNd3MMkLLXZYLmiYFYR3vfXMBNJVNx,LOW
net_00957,1,2,Hf7YChkWei54FumpAKcLC4jzDhwD9c9RscGDaeU368Q2,LOW
net_00945,1,2,HQBehKS9jmquf9tcYUfMaosqqLQXmp5fL6eGMdvbz6TZ,LOW
net_00938,1,2,HHjSgUASknjsgPJxSTgj3C8GtAHp2Zz9Sf5GsnqxwXgs,LOW
net_00624,1,2,CDerVgYmusW7D9BjpirGTEVLR7Q4AA5Gp4pA1zXmtRym,LOW
net_00537,1,2,AkKBhZe55Ex9K7aqWPoY4zTUvJRg6ZWtKigqGkmRTZr8,LOW
net_00440,1,2,95ZCf3jKMHeFYvPXVZW3Ek6AEPDyjebosqnc7eNioVMo,LOW
net_00824,1,2,FTDevoJ3UzJpFZ6RmFT38ZPWZr1G9TanfXZu7bYiEWXB,LOW
net_00831,1,2,FZTwdPv7ggjaG4EBU2TxipUiC5ke9aSWF99NMHmcSaka,LOW
net_01066,1,2,brDaYyvWjqxneaG5fmdax4jxHJUPjAaD11CcSLJEYhg,LOW
net_00993,1,2,PMJA8UQDyWTFw2Smhyp9jGA6aTaP7jKHR7BPudrgyYN,LOW
net_00975,1,2,J2L495ZPcJ6Btuyd4YqXz5uw7hpKiQXGcLvALwumabED,LOW
net_00783,1,2,EfXsKpLEyos1pgDRYbYiE7sGjBCu2HXjUbVVYixLNw3x,LOW
net_00767,1,2,EPwUZ7mfqarynfszzDxD1zZMmUaNFvbikfLcuaCnCq5q,LOW
net_00656,1,2,Cq8qkaoHzqrtjBa1NrkFxLg9W1TSRYTDpQLGTdF8SH68,LOW
net_00593,1,2,BjphwtR8kT9G511YDmXirVMRdeqtr6Jf2A1LmW8jVhD9,LOW
net_00587,1,2,BfKHhnkVSzPCdY8fyW4RayqDr7FZXRVLRUHtr3kvAhe1,LOW
net_00434,1,2,92XEuaWSjXWBsHHYWgEsHweozYqFNKMyYFyMh58qdeej,LOW
net_00386,1,2,8DLn43bm4RquGiZXW1rptUoy7SkqDTqrpiEVEomLUWbK,LOW
net_00272,1,2,6PMWshQ4KLsk73AVbZUL4hP7eJBLrP4YCGBb4qkXcBhH,LOW
net_00267,1,2,6GnEumdoKDAPQ12jxEQKFQgx6h1giXqgK9efAefmVSa2,LOW
net_01060,1,2,ZFWQNoGDzUbJiWpXqHDJgSCDo7bMVYnt8w29gMPmQKT,LOW
net_00520,1,2,AUmcYa9shPoy1KHhRYgsQuWhV2XGtCpCq9wxVwXvmoDq,LOW
net_00044,1,2,2VLVECJga8dRfyHvyZT3wA1tW8QuA1RLLWVbinPbM5u7,LOW
net_00978,1,2,J5azNcLC1rDMT2nxqNzp3SeCBA1M3NhNLBRy77RTiTox,LOW
net_00933,1,2,HFKkUnLqtWWULhED8feXtv6QYUKEetS1SvPoo6AviK51,LOW
net_00923,1,2,H4jtwPX62iAKWSMWrjpcHKUbrMuWhaUJbNJKWqPtkTnT,LOW
net_00916,1,2,GxpCEMKWEve4bdXAnEaggZjyRbmw4M8wnUHnxr83FWr8,LOW
net_00870,1,2,GFCFSaDJ3mZsgSz49XPXwY7pxsYkwPJ8EQXBvC1NJHSB,LOW
net_00868,1,2,GDm1PhJLoCyBgD2byjc9n7Xpz1R7WHmRtdYGPxUxpkF5,LOW
net_00866,1,2,GBo23kuC2gU4S7EkvEAPUPXeEG3NUPm85vTC5yKfUsj7,LOW
net_00854,1,2,FxiMiNf8Vs21WhsYAYgq6UsMq4sdWKfrTVLph1TC6qcK,LOW
net_00845,1,2,Fortnitetia7jpTA1rMpEeBeT2pME6PtVhuTTmG2nvfC,LOW
net_00838,1,2,FgYpz46Cprfh6SyxrsM1ddyK9hS4zTTL3JMzhwVA8rxf,LOW
net_00144,1,2,4DJj34SfrfSjFNB2LzkkN1LYtp5QB2fZ2UE4WMztUaJt,LOW
net_00749,1,2,E64LpGLuRTEJL9bTyxWZebzmGHi16ntPJ8hSmToZuNcR,LOW
net_01084,1,2,nsZtEE77jV81bx7eF9Gt1hex1t2Aa7hhu5191Hin8cF,LOW
net_01078,1,2,hsswXLeiGVzGVSCeUYh6FpzsPkXyGezpVn92M8CRcFg,LOW
net_00798,1,2,EvugJFAyfH9tdB99uHar9frJr3ZLfpPQwaZZRdAsz3FT,LOW
net_00036,1,2,2MHMR8rhyoXqUb1P8tAHWAWWX8BAAJVHwsWtSDyMQeAT,LOW
net_00677,1,2,D5HmkMYwVgPpA86WXBS91894SPgiMzy3BJxodQJ82htQ,LOW
net_00893,1,2,GaXDfaKmwyPHLHgHF5RB3uGgA267vfy8aNyfYgxPeYjB,LOW
net_00857,1,2,G69NXCmhYecSmJGDWxzuEsbC9CtmMwri24G2RpZoCqSM,LOW
net_00863,1,2,GALYiZdDo1sLC3B4bvwva2TGmZb8SEf1Koh4fBifkKKX,LOW
net_00758,1,2,EFSoAq5qMc1Ya6a59FaLWUbkNucL4nX6pJhX1PpswWtX,LOW
net_00887,1,2,GWX3zHVVUjBLqRtgKr6a9DXkZ7MDEjitWGR3yxQYjUPa,LOW
net_00717,1,2,DcRXXBtifMsTTwtqzMcAZWfoLfsBMgyJqPDG4i86NN52,LOW
net_00667,1,2,CyaE1VxvBrahnPWkqm5VsdCvyS2QmNht2UFrKJHga54o,LOW
net_00625,1,2,CDg3bPoM21fSXEzrXWHWyJR33JHX6xaYboq5p7s4uo48,LOW
net_00428,1,2,8oS3UWBYmidJL79XzLPStos9EgxHjDZN8YqhJ4E3cooN,LOW
net_00363,1,2,7pH94wm5UmHF4dqW9yAxSuhnrUNqnmtReWBaDPm8GGqJ,LOW
net_00914,1,2,GwpcTgEagp7gjmdVs4jumvaHhDzrr9QdYVVYvzb6AZT,LOW
net_00181,1,2,51MukCRnaDnbyFLay5oweBr52aVys3pEMbWgaDFC3iiJ,LOW
net_00154,1,2,4WAuAYr7wibrYoCy5ceCQesnuxkkHvyCN2NvSBtba19z,LOW
net_00820,1,2,FM1YCKED2KaqB8Uat8aB1nsffR1vezr7s6FAEieXJgke,LOW
net_00766,1,2,EPGAW2HWNidhS2tyQ3KNKEMAPxhHLFKfzsChSMb661W8,LOW
net_00658,1,2,Cs2b1mgijieZ6e27cc7CKqQpbGG52M9ahBRgoghgAHps,LOW
net_00441,1,2,97SJW7tDoKbQQda6jT9ETU44nS1p1tZ3JKtBENoZMYes,LOW
net_00186,1,2,572gijC9dnNiSFgeSDaLMEmPzyZH9MqT7SCVMwKkeTqF,LOW
net_00155,1,2,4YScNbhgnBGfHhmehoKVNapTJUAKqZyFCsEunvuc5JHY,LOW
net_00148,1,2,4HmfnEmi5KfZG2aZST3ZaHW9ZNECH4pqMHiMbshUja6F,LOW
net_00943,1,2,HLSHeeM2Q141C4PEYMeeKtWeP4uVQeYsk4fmVCMxhi2F,LOW
