mint,rug_indicator,risk_level,Risk Score %,Peak MC,Current MC,Peak Price,Current Price,events_parsed,created_at,analyzed_at,migration_tx,pool_address
EgnKsA4mDdmr8MuD4GJSDdQC7eUhaE6Ju2g6Cd2zpump,,MEDIUM,43.3,3458660.1,21262.0,0.00345866,2.126e-05,1421,2026-01-19 04:27:10,1768796830.212571,5nRDLDWXZipGw81B9Ztm36sWaMYmARNEDHBEwZAMHcaFgtddf1AFu1CaZPPkWxSEBDDv6UPEsTjBqyom89gsS48a,J3DwFuGu9woxsfMXkRqTRsRZv9VdLWg3tEYyAUCK9GVM
4KdRXLTk5A1PRxs9cPdzmQTUEL2fseBGJ1WMMwJXpump,,MEDIUM,58.4,2239079.16,394227.0,0.00223908,0.0003942,1206,2026-01-18 17:30:35,1768757435.6972768,3SSpG476JsW1kJwJsEELRZoupgVZ1D4mnWEb2e4skGViQJb9ee9rTByy3h2xVwR7dw8ifBMLwZqS6oZjErTPfGjW,5sY9Qd18NWy13F2W5nEV6FLDQjTddDU35997ScNMnp4V
36vyX9xVhj2M3kqzfupcbqPGYCkZoe1iZbjhMqkZpump,,MEDIUM,67.6,2127579.41,2906.0,0.00212758,2.91e-06,344,2026-01-18 00:32:38,1768696358.857047,Q77C7CzYp1CnxoX17SVsccCiCd1rprgbgSA136fDVz1gjrHJC2F3DpHXDX1gwJSBJvbz1MAdvBKMjXLc5LBjZks,EWqJSy2C1vWbGp4D9edtUbBJZ6yJW16hgYtw4BdfMXwM
DiSMYMGKywcHb1Pb1DZp9aZTFZKNN7wDCuGzoGrDpump,,MEDIUM,44.9,2064498.23,10831.0,0.0020645,1.086e-05,1458,2026-01-16 20:49:58,1768596598.706122,2v46qVrfNXoBrWRvvXSrkPXpXm4ZxEoyez8h366U9WusGgJEfyWm3UM4r29fwEvcxbe2y6JofhYc1tyTMuqRztGG,3rGMmM9FBA92FxUvPJ6TUF79XgBLRgdGJ1GiYz7u1b4t
rt4paHbomtUZvvB6nnyT6pzLJ5Wi1sAit7fgoYFpump,,HIGH,70.0,1408073.99,3133.0,0.00140807,3.13e-06,0,2026-01-19 03:10:41,1768792241.4929101,2rZ7mtMNzahU8PKEhp2TsatpeuDtRQKV5VxxrotS3PKdKq5ce4xdkcXzt65uGtga4Ubo1KXga9GFfXsTaLgZUSH6,GFjxfh11bwW9WFsLSHCc3tPfT7EgnaEKoQebrZig1uSH
AakmsJ4vebK1Uk3eWPRPx89WzEDq2knvN2sgGcXEpump,,MEDIUM,59.6,1091674.34,55440.0,0.00109167,5.544e-05,468,2026-01-19 02:17:29,1768789049.005541,5TretDz6UD9RSZ9vABw7x3YZ4kJNJqmqnWcyMhhPPUoVBip8y86cEu5TZBh4cs2PZFXpPG3PfFkTNVeQ43oXkhPS,ANAcV34C7C4R1UypxMbB67YenisVssMHec8Cd3yGMY2W
EAU3AfZyS8ygEa98dSBr93axjDme4oQuiUekd1u9pump,,MEDIUM,46.0,1081547.0,17852.0,0.001119,1.847e-05,1342,2026-01-19 00:45:03,1768783503.171415,4uCHJbnLRhE26RkbPihRvkStmYNc2E6g4nQ47AokiZkKNAZv741tkN7ZihMb3vXLAteMFKekJtWEqgKge7aMHgmx,v2yNhm4KkC87MdBkvvYiMVP7UdSyNYLrfXrFte8A5a7
Hvcmd51zk2vVkeAkYbNgSKsAX17hof2vLsihG9J2pump,,MEDIUM,47.0,1038756.59,263456.0,0.00103876,0.0002634,787,2026-01-18 00:14:59,1768695299.513824,iAfku9Y94TSuKqj7GNwDzqZsdXdq38UuqEWsjiqeForwZJ9kWNLjDC6cie8SmpEC5XDH9Tt3dHN66gDkruLobjZ,GWSwyUQciKLjtHceSm5CVkAfGDMhUGtV36dDRzFHWMQq
Hh2eVgLFYSdPGVaMsTGSLH1CU8ULVe4ouoemxhkVpump,,MEDIUM,59.6,750458.0,37452.0,0.0007504,3.745e-05,9,2026-01-16 17:28:51,1768584531.6455019,kWS6bzJTKgLqZg9Ubjc2wz9Bd9Z8Yei3THTjgwnTSfgzGQmMit7F49GgaGHJ2hQvQWMJUg31Cm6Qb2N6vTCRK5a,5NbmtWzSCZSM853SR6zzu3g7fsZnhAwJsQP4hnoXDGG6
DRpvzfT567yYALXEvB7Lxs7kpeNmEiUXPuAt8Y8upump,,MEDIUM,43.2,701173.25,3266.0,0.00070117,3.27e-06,1353,2026-01-18 02:53:53,1768704833.7505121,3UeXdzYFjQ17Ep3zKH4x87BZq673TybqYGPpVzy9FUnaKXpzYuVehN4HwupMtvJrgXXctoamnx7VSYSBf8cNXvgQ,Box8EsEPdCFdr3LKNGJ6qScz1Wb4raXfM4cHci7ZF5V3
3yxXrRQArWwWm6zvwfSDkDgSvrQQAHPfLbzzGTUXpump,,MEDIUM,42.4,664119.52,24163.0,0.00066412,2.416e-05,1310,2026-01-18 15:32:25,1768750345.780983,21Ac1HDo37UyW3VwVnvw4UPLKkHSrNY7vPFfuwoLRY7QeQJi5TD2QkKpCLf2wwVTM7TsZGBc8GaUcHNEyQsCyeZa,9DVSThb563bHgu3RDkvBYuYsLbGnPADwsJMLSCbkmUwp
EJcS6AwsdEjCs4nUS6t9m8s6FY8bKjJjJMumV36ppump,,LOW,38.6,604811.27,148455.0,0.00060481,0.0001493,1272,2026-01-19 00:08:01,1768781281.695998,3ocAFCEvXMKsFvcYUCxYi5UBMRyd8kMZR6YMQoSkJdMVhaw97oqhx4EtvUz7TdDaf5z9hENSRkSHYAGRF1hngjn6,A5sWiZAE7juoMCioTCQwbzCAL4PBd8AhSQpJiaJ6zkrq
8Jx8AAHj86wbQgUTjGuj6GTTL5Ps3cqxKRTvpaJApump,,MEDIUM,44.9,569667.46,270582.42,0.00056967,0.00027058,1539,2026-01-16 19:30:47,1768591847.859176,5hoQfyW21octRoQUxH1CfifWqJCTR7D993BwP82Wdw1fDjY2ZymWiY8uh2qG5m6iYz8nDp69RMNyWXmnx41SuQbb,DRAf8QxQY86h7yeHdo9GytXAF6GoTTT8oZjknwXV6dCS
FdMtr2ufdJuaBbgCgwr99XeHwhWoFGUVprPHXMf1mYv8,,HIGH,71.8,556548.53,71541.0,0.00055655,7.154e-05,542,2026-01-18 23:22:40,1768778560.452363,2bodDPTYkUoLmG2xqzs8aXYb7TtSb9D9RrgMhQHySepV3Dvd8TmceQCTrrgyPm81xXNHoZUjfitU8yWTY4Tg8Hjz,2s47DB8h719wiFbK6a8nL8BmCsr7xtPYCSJW5XmCDgVZ
G3saPBJUq3wFjZ1c3z6RCjPwUBJi4nguQ7AgrC2Lpump,,HIGH,75.0,555051.94,3946.95,0.00055505,3.95e-06,1464,2026-01-16 12:54:41,1768568081.4372349,3h2hNY11JH9dwaoyEj6w5GtiZtug1fCBkrjwP8xn9A6ppBxGrSaBmvnRCYGUNAyMBENoqcNgX6iWDs1S7Rp7YDHR,HR1hQecAg5mY23VdAV8mhFuC2WXYZmKK4M6mzTihz1vy
D6eapUroaE5qkCp3ZbosEJoq946gBA9Zm9GTA2tRpump,,MEDIUM,45.4,516756.88,3439.0,0.00051676,3.44e-06,1443,2026-01-17 03:12:14,1768619534.3093262,WahZ5xQM4c1x64tGBuWnSaiTVaC6qQau1cWqwfxVtEYhMogidc5e7XGSu8FD2PSEPf6WzuuY4JTp25mw9mFNWUi,CAPn1yH4oSywsxGU456jfgTrSSUidf9jgeAnHceNUJdw
GBhJKkJ62Jf73k8zf5VJEWWoDfz9hQD6NTQj1v5bpump,,MEDIUM,43.4,454776.08,55508.09,0.00045478,5.551e-05,1330,2026-01-19 03:25:06,1768793106.260107,riwjUtbs2u7P5SyL42BwSZhemToQVGj6Huy6KmFvg5QaGAZdB46v7v4hQ5ncJ554yEPeM6b8vNLiUYCtzH9Fu6f,FWXnChXJ1CNdQEGTbPaCgde86xMW3tpnnSLZfTM5hzmh
ACZgmGEMTjeUSkwYAoxCTWAQB58uS7MtBxWY23wVpump,,MEDIUM,44.2,425267.84,90367.17,0.00042527,9.037e-05,1392,2026-01-17 02:31:16,1768617076.70875,4sfw5d4KtpG7jDQPq6LGpjXQ59BNTDJK1Nsmn9KNfkQhnh2dKf7TJ7Hn8v8uifmNp8xcXA7kVCpsJSi9WGiB6YQv,84ueLHBKKPjBVqYryKam4pA82KjGj8bi48SLvX4asBb5
E1k5LqVDWJze7EDyTXWMXpDrmP7EaXqzn2WHmYE6pump,,MEDIUM,49.5,376739.6,34721.0,0.00037674,3.472e-05,1196,2026-01-18 01:53:10,1768701190.604539,2kT9B31QqLp9y6wBtvCZEzHminNhqymm8EJQFoiELKJDXu79Kke2V9uMnB1cstE3qzU8z9UoNCRtgQoUA21848sQ,7YBJAUsB3afNayPQztjemtg96RrEKRhcCKWp2ZcfGNtz
EGRXpfmKnUTr6fRCdgPNmYMEYGkWu2wUyd2euiqApump,,HIGH,75.0,352015.8,0.88,0.00035202,0.0,1907,2026-01-16 22:07:18,1768601238.540988,2zqiWCJySKkAHfrxWKTUt5t9X1YexwqRar8GELcuq9e8pCsVkK32H1H5AWhrNAsVwm9uz8BYkGYvNGP6L5AQw62Y,HZ1PdqgwdxyQBf9MnSpHrx2dBarkWM4twUa9tnMYhn28
7ZxtHYVm1PPq5s161ExQ6gN5zvrabXEHwtWSYwBWpump,,LOW,35.3,310238.2,38391.0,0.00031024,3.839e-05,1386,2026-01-17 01:15:09,1768612509.7256598,4PQceWNsrq9KqCP3oXPB2MKYqYPLcLuESA9aMp6vquQThfJHE9TX8kK5zwg7LrQisxMxe54tTkVbzi3hjWH8SLWp,94AcJCbiNkwqKRsZucQ3wvZwf5dRH7ums4Jf5CKNkeoK
48mqzAGcpiNYUaHqLZZQPzoS4rxArTFtPaXiT9D9pump,,LOW,20.8,290173.74,10227.0,0.00029017,1.022e-05,1595,2026-01-18 02:24:03,1768703043.102724,4VjXXiaEaSwnDXuS8nsrbP7eNMyGdbhPUQg18kXYuycxbFm7oaG4ypPWpt6ukuchKTZDPL5XA2xKuBWSzuZasN8b,3iG2WTkKzkrZRAaVxgmFeMZG27c7t721uqBPaygiRsH2
7CWGD9TzYP1d2Wb58xoB7KKDhrzqQhpH6HFoPUEBpump,,HIGH,74.5,277280.03,4079.0,0.00027728,4.08e-06,500,2026-01-18 01:32:48,1768699968.098342,2nGX4FtQDvLj2Eoq7hNz6aLbVKg7bHr7Ydiygv5AUHoQwshAnQk3iModdRbGoAxuTgHYTDc37jo5EhEas2zZc3VB,LCorFN5A4hGEFs7Eprpwbr7F67knquEwtTHtUdniuRW
6ngNcbH36iRKhvqyLzuNV9hWjq9hxsAWNhMHGf1Ypump,,MEDIUM,51.2,263951.0,2415.0,0.0002639,2.42e-06,24,2026-01-18 23:17:50,1768778270.542788,sLPNw8jCvGPHJHG1xcqu6M7wpnRCUnEUvAMVhfumACdEnxYbs1Nuz4szaw3AL4GyCSeXdd47KFJPNFingHMUZX9,B5H9SF7ZyPPARrYCPwdZ3F96uwU19SoZ8w2aUfYTJ1eq
9pmgUpm3sgeFThmqQirpx7hHuX86MLJkBsDsEAkxpump,,MEDIUM,53.3,249213.46,54726.0,0.00024921,5.472e-05,1585,2026-01-16 22:40:24,1768603224.2221289,358FCg2sZfWTXjszHvMf2qJNzyZofPQVeMFujuy16zMuGAXjdUpHiRpnzWMjVWfTas99gi2c9erVCJH1j7sqo3Hk,GEkpKEsKRfcnFfmfDN2FFJb6X9MBBZRxeLGyQEPPcJwn
68wMtJxjBqqCgFn2VtjWPrUQs6Z7ZbUG8MouCzAupump,,MEDIUM,55.6,241325.3,2574.0,0.00024133,2.57e-06,1154,2026-01-19 04:16:15,1768796175.799131,4dZ2wVR8e5JXisf3PcgjLh6qTFFopNFr4MobjXgUeuEn5huTGiByp8xyD8xL3MrJVxFbff39kMdQx8SksoEnEcxo,Cttx6BjyVvzNmv7ZubzWT2AdFdvUgA38oKeLtBGJfeCa
EiB2VBerQEKXy9pFfAM3pPdzNbQ2nbP1AY21ePmPpump,,MEDIUM,55.0,218876.0,2612.0,0.0002188,2.61e-06,38,2026-01-16 21:13:39,1768598019.5712378,1DABbPzxB1ygfEfca5tj87BKBh2tLCgiMNas7pxKus9PnxqM7PKmHqG2hgbqQCcpXVxUbPG2T21yWAEcsDNzd1z,2FbdsoVqXYZXFHpbavkM6JNA4GaFMK52swVh6nUuX2NH
9Ur1oi9gE1rYfaX7rtqkp6HUybKsWuMZr2Ca4aGcpump,,MEDIUM,41.3,196882.51,2920.0,0.00019688,2.92e-06,1493,2026-01-16 21:43:01,1768599781.184835,4gouwRB2eG4qioFiCUGBG3gkSGZ7sw8c1Fxi8GtAENX6garzd3GuFenCDD2VKuCjvhgVMeKH2Ev9RCKo3Bi87DNJ,7hXkMz7i7fiXvxnAKBDUpLY9Swk3X3aHXvXiQt1pXnU9
ArkzVfcXyEpwRTNNNvpM7NiM2LFH6Jf4dPshEFf1pump,,MEDIUM,56.8,195235.98,3330.0,0.00019524,3.33e-06,16,2026-01-16 18:13:35,1768587215.61198,4TfhymT5ssa6doaUhFhUJiH6j48HsFoWHUpUFyNiMZGTpf74L6dq3PesuTX9aWkzs2yc6afxtzK5MuLgpN2nN1aT,HdbhLvBWhHQ7557Ew4Yzy3r1vq7Shf8FffknGCAQMjMe
55PbiW5TQ9QqcyJN4rUcZsigBhAkBwV1YcGfyAjSpump,,LOW,21.3,193243.77,94279.76,0.00019324,9.428e-05,1217,2026-01-16 17:50:39,1768585839.690701,4Tx9QoZC37juvyibfabS1FTanSb5WV8oias8fAxgouCdYseVr9ZJTDnTK7o59bjWpuv8Kt53ZabR3wgMHkdcbTWM,F2w3xibJLGc7feRhXnBGBfgMyb617nBHjRBgS4QJJuDy
619AVPd67nrWpVJo6bkykxZmUhitS6DQvCz7Lj1Kpump,,LOW,28.1,191668.64,2485.0,0.00019167,2.49e-06,1571,2026-01-19 04:34:29,1768797269.120876,5d8bi29P1kJYXLjtftDiH7Ekfrm1gnK18jeDX63Kn1MHFbnL2yCkMXZy5TSx4VmYkbg8srv8vTyVGbZfQ327ww9x,89vB3gqThkwoQXz8Lh3eZENTX1sTXDTabsNnhQs22vAs
3kJprZPsGD76dPthrjEu1ghL6sgPyJQPcUSnFXAspump,,MEDIUM,56.2,191399.78,2939.0,0.0001914,2.95e-06,17,2026-01-16 20:18:29,1768594709.017077,2jT35Bwfr8GQntpeRyDm9UTccia4qRrWDrQpkmEBtn9Dukx8HELBEFsKBTQf5Gu4Xzm7TQPY7GWL2JjxrbzAGvPK,4CnXZoBixpLiaV9bzx7dp2Fe98mLxG9JD8mQfFJAtLEP
BSCaMw5RFsGKwEkZWfCNdq8BUnyY3RV49EamS4iVpump,,HIGH,74.3,189360.41,4441.0,0.00018936,4.68e-06,1787,2026-01-18 03:34:59,1768707299.52656,3G3zXWicetRKUhDMzhojHh7fdTfQ7WVQeYTCgWd51YS2zZKjy5xhkJGMAcHXVcDEB5jEDzLxs8PGXtEYwUivsPo5,FB38ifN5HeB3HixCjAoLH8h4JBQcMdGWVVKPZ86tt6L6
6iG9TkqyWwJbtSxk9xfMRNPnuNc1wTMZjWWn4XPLP5uX,,MEDIUM,53.1,182734.0,4410.0,0.00018273,4.41e-06,1492,2026-01-19 02:02:36,1768788156.2928991,4vdsqfuZGU3QVST9tANbbPDntGzswHRKxfbYuVo77ymBShymUfnznkHeV7tXKiXpJ3p3bQZPPSUHF9Ru4zirDGRi,kirbyzpAP2do4qU7PjHbVauoEfL7Le1kRbGYcBk2yyX
BeL8Xy17M2J1hDNk4h4raV5gFZCX1b8eptMaw97ppump,,MEDIUM,46.4,181107.0,5420.1,0.0001811,5.42e-06,1012,2026-01-16 17:17:52,1768583872.390069,36f3M1iZmXaPPWmwCrfjkCvsVKYzhoNxVppNwaPdzy3UKw25yJ5tun7hus9ETuVhKBfuarnuew5FP34NXKW49hnb,Eo4RCsMr1ab1wYBg45Zam9FqhsKVEy36UcTya1yLgrDC
DaBEgVwjLrGtJLCDzuPmL7psRxWnab7pvtcHechSpump,,LOW,38.4,180834.0,3533.0,0.0001808,3.53e-06,455,2026-01-16 17:31:49,1768584709.502839,2kCJkQypNAiaaquUA3X5Esw8pScv6As6phVLTVmfXkpGBu6cWdudZBkNwXsEyxo79CnDEqA6mc7h36Fyg6snqMXT,BX5nN9dtfKr6G93wFXFPziyFhYdbf6dmhJfWANY2gkD1
Hg6Yrwb8Qu1S1JvC1QEPvjd8wDySFKvbKhi92oUCpump,,HIGH,75.0,176909.02,2444.0,0.00017691,2.44e-06,743,2026-01-19 01:39:13,1768786753.13653,4gVMvtrB9EAXGNM1QmJ12YKAyNEekV9NVYL4KMouh7PhFdAchXTnjcyS71zsx3gRQCJz2sWUQdxH1RJGz2D7XhAL,BpQbP6WxqkEMnRBRmG3MA5ib1zus63XYAD43a1d1DxPX
DwFr8heu4ZTSFxv9aAKhAXKyukmDg33eP4ReCFAWpump,,MEDIUM,49.7,174148.85,4394.19,0.00017415,4.39e-06,1373,2026-01-16 19:23:08,1768591388.3886158,5GwcjApxBAPnddhngYHREdecNYWHtK6MEWQHML2YzkWMNA5snc2scPopgid8kqKTa3ErAybvxrBFv2FtAsWT3Jt7,5ek6nzwvczXJjaAHxtqmXRs6i9gVNFRwSNbi6eJAUNwq
B2Cx1Wje8tMzauMsZCfNahvN2qxNDHeqqSpan5vRpump,,MEDIUM,55.3,171297.17,28204.0,0.0001713,2.82e-05,361,2026-01-18 23:24:51,1768778691.032031,3ntttdDD251sAWJwxfb4NasCNwUCMjtgkUxKVNGAbg4dQQRkBKeDJTESgJ2m1Kt47y3A4kLkXxCRLc99XKhUfxYg,5KYX2R7JTJXymjaRQyHtnxEr5qfGq7t42W8mtLGN14w6
9m5PfEgHbakyY39WVDD1RpRocP7r5fq4qHK5T9Abpump,,MEDIUM,44.3,155821.72,3596.89,0.00015582,3.6e-06,270,2026-01-16 21:22:42,1768598562.636178,615c3Reimvprk4Wy616m4PyTAzS12KZtu1XBUVmqTenPwBSnUP9J5ePe4Z9B51YX6kAwJYXiVWxwa45KLvBKmjvd,HLZkFU6XpDoUtQjJoajBCDVeD5358dwNArR7G1yA5Ug8
mfMte44uwFPNwvR9vLgbiL6FQXcPFBaB2xREUGUpump,,HIGH,70.0,154957.0,40702.0,0.0001549,4.07e-05,0,2026-01-19 01:47:10,1768787230.889651,db7TtFiRNUR87Bx7i6V3S7n4ZJTobEEkus8dBMRxunmuWCt3Y2XbtwWxNHbyWJc2csP4AbZJ5NzjB9p1Z2ceBv3,BJyLiULcz3BwZzrMEY6f2CDsXgLYhgpCk6Jxrpkjqg4j
8c3fH8kkSu4z6q1zCMN1RqeJhR2NX7P7Ua7R6pxopump,,MEDIUM,50.4,154702.27,2602.0,0.0001547,2.6e-06,478,2026-01-18 03:28:52,1768706932.355853,63bspCnTseSrfJRddww9g6t5n3VrxJsAy4De44SowQQf77v6gvTcYtda52q8vvm991d1nEzuc64gzu3NpaxRfxbB,6k5jdWRy1rT2H55HmiEBCUurv1pHnJx3jSrek3ZfHpqQ
5EvPAtkL5r8PhGedwafiTvDDLi5JoqZMyiSQFfUvpump,,LOW,34.6,136445.0,78762.0,0.0001364,7.876e-05,1475,2026-01-17 00:59:43,1768611583.417608,4psy66iouMMCYLrtUyRxgNL3eYKK135F1c66V9NxKPxU8kgyJPbWYBvAbYpDgUNncsGwvVX3axVZbzbrBLnAau5y,D4r4QhkYAnVwmj6aTXjRGZZJ1dUG8JeWKg8RD1R2Ykg2
8V5ZKPSMixYnBg4t3RtSU9a1daHAh38Pyhea2R3Xpump,,LOW,37.7,130928.86,74082.25,0.00013093,7.408e-05,489,2026-01-16 23:27:05,1768606025.789435,2rExvTN5LX5NWmAxA3vUA8Puvr4ydyCmfS6cTDdM1nLFg1dDww2E53KSvcsx2733JeD81Wmn7U1ZdF4bKSBCrfX7,FTsvV3NRsBwKFFEauQT2rN8nyq6bXHE9Uak1YfzAbnn1
ByjdwjFJb9uTGfsN1wq1Wr74e2HtZrNiY7sdah53pump,,LOW,34.9,129103.83,108770.0,0.0001291,0.0001087,1196,2026-01-19 09:11:31,1768813891.3969028,5g4zq31VtLhF2V8ExDwN61W545qiEg1MYEsgVfCXmqTT1PJR7B9tzki9PiKWpezEw96ByXvnyEnuPH1UAboBdwif,6LRfgT4tK6X7C8aRWawHN6gXFRcSiCXS7h4AXaSdzdxj
DEjvjxKFnW9887MVvqb5ujepT29Ku6ZJ1DrHhj7fpump,,MEDIUM,52.7,121866.1,2955.0,0.00012187,2.96e-06,991,2026-01-19 00:12:37,1768781557.9332988,Q1AoWW4rNCfQ6FRcLsDkgBEVvcTzfyFvxSR6vVFirExpdc9dQfUaYPFuFotzKzWmtNWtqbK6nqL6BaYfbrmeYqb,Asd3jDKewYNrjZPLLdPg5WaK1V4vYsaBDGncqAzxBYYR
GSfwSEi5a8H7FWiTsujBJC86Xj6jq63FyMLJPdfvpump,,MEDIUM,45.9,120405.41,38671.0,0.00012041,3.928e-05,1582,2026-01-19 00:36:47,1768783007.99206,3F3xyqVsCAbzMRww93sJ9mgm1aRAYbSBFXXmseMfE59fVCbvQt9VEKrkd8DdRnFDA5aRLhQ95jg26SDuZEh7fEH9,9GRAm6pT5qacCF7zAfyWZzWmhEVQ44kWxAUwiqY7QDHe
HqCwywPRQCAE1jB1dnR1NqTk53wX2mDpyC27befjpump,,MEDIUM,44.9,118521.0,55.02,0.0001185,6e-08,1103,2026-01-16 22:23:22,1768602202.115378,P9aRUZMLyqRT6QNjNRyHa5ajNjtZ1aEsnXJp623ybRxvWpDdDh1HThdjmyzZFuvQPeGbMF49GuvymT7iTwhUxDY,G9WWpFBZfG6bQYzuw3tza2nhL7RzVxz9haCBv8ktXbTq
4Xm8joE2sg1wN2V4rNLLBdv6JQYcrKFAg7JALBEApump,,LOW,34.1,116677.48,3443.0,0.00011668,3.46e-06,1512,2026-01-17 03:03:53,1768619033.127881,3k948g5dGUgzu9ahmhjRiJmZcJ7LG57nFNYhJyryYcHtNZYTKP6BGkz366abheUHxnHe8mkCSLCQw7swddGrcqV,DNY2PA5tproZNEZyynhzhjrohFrA6k58g2isF3bEc6As
GX7jJ2E86ndix3B1V3Q2GVahukiDf9eUip2yBmPmpump,,MEDIUM,44.8,112821.78,73104.0,0.00011282,7.31e-05,935,2026-01-19 01:59:45,1768787985.4951098,2LfTV4AUPdWgCG41st1gCamx6wXMZvFUpixnRPRL7UKMQCXfDZr5Zpuixd7t2V1WRVnX4TBqjJwFL4ULtDeRMLEh,5ENxyQku4mPBfsh5bGGAretaLh4XebABE4uNzoeD3mbv
FAzU8r2uQQHR989s2VSctft5epfdKw6KrKKmDKrppump,,MEDIUM,55.8,108802.14,25906.0,0.0001088,2.59e-05,1490,2026-01-18 01:06:04,1768698364.2218099,3fYV42bbvXVDCauASMrSBfS91C7q3k8SYGSxHgyr64unzBWJyC3TCCVK6crnvTeBzW8ZjkjZwFbFNFxU9Gm7XTA5,Faqfrhn8fvzZQRPWybZZVzzhFpLiK89jucurWRpSvKam
DrnF17MbiKXu7gVyfL13UydVvhFTSM7DDWN3Ui8npump,,MEDIUM,60.1,108418.98,20281.0,0.00010842,2.028e-05,258,2026-01-16 19:19:15,1768591155.914471,4c1bUKZ4KNv3C2hEu9uLPoSXGMDM3E46rBXu7H9QaGY9W7TpD5uNvLRc5JVAzpQ5T7hsFxjTuapH1Bha2zFLS31n,EpAFJYWk2CGBDcuNDgoy3R77aBuDPeyKSBgXFWxU9FVg
8sdZVK4cLbXPEstDTpyN3VAtdNfFJvWVKchEYS8epump,,MEDIUM,60.0,108012.58,61499.0,0.00010801,6.149e-05,850,2026-01-19 01:05:10,1768784710.794778,2eDN7Cqoj7XpWA8TNK9x9FAYpbi3N7LtHWs457Z2ax5qTTVDFeed7c7FDE5pYk7aTzeVEnYAbBYqkGjHUpacLyPj,ArnWdnyKHDosGL7xSQELo65HqDK4uMa3nw5CnmoYgtWn
FpVoaM1AgME8nFYUgdUXfVeCmxKTThUvMoB8gRPxpump,,MEDIUM,47.2,107199.66,2663.28,0.0001072,2.66e-06,484,2026-01-16 16:55:16,1768582516.254452,4tMhXGoaR36xmyp7n61EZEmMfiXbHosX3qgepaCgVz69syh4g4UDEA7MQ4Tz71gtek4KijecUKnrTN4yJboT6a1x,FSrATb8LFaDxTbDGnERrkRPX7asQYKwo1i7zd1KpSH8A
CW52Szxi2mN4hANWK5MD1oSbsf9JMKK1kjeQGzS1pump,,LOW,38.8,106463.15,4208.0,0.00010646,4.21e-06,1330,2026-01-17 00:37:51,1768610271.671585,2Daan9P2N8Kr8PNUFHcDXus1dXVPkpN47rddpkVF6ftN3iwcoYD46DPBVnRzEzyyzPQhXsU5knt4oJKoUFHXoimz,8WxdSRRxAkVNUefHXHtJgW66YjJYYGZ5d8STY3mP4uQP
9e5ZNkEJF1akUaDiDV6gnGW7M3VNLUdcAabSUdE6pump,,MEDIUM,49.8,100964.75,15677.0,0.00010096,1.572e-05,1519,2026-01-19 02:00:51,1768788051.4035761,3xExZFrh6XUK7UAx7KsRnCAxBkWH3cre5Z4rN63uayWpJ8k8CnmhW8CCHV62GqMFvCN64hruBd2PmZqzovBh4Mfb,CmsscwfvFXGESmewNtiPCCMX37AKrb69JCk1gEzCb8xu
9PGy6awQq1YgrBHUTmKmGcehS7EGaen8yhcCvyKfpump,quick_peak_low_mc,MEDIUM,45.5,99589.11,3248.0,9.959e-05,3.25e-06,1378,2026-01-18 00:10:25,1768695025.251503,34SBhf1CDQxtC3W57e85vZF3TeBmH4vkfqVMVdZYk1H3V57bQr6CR6wXDhUd5B7DXK7qYPt6qhewRJpMkGbrF6M5,DHNwyR1yX2dbUSBQpQhUbkKAhoGC8iG2aHC95GauXvJS
7crB769sjpRgaj1z2KMAoz7qcZmVPaz1ZtyD7o6Ypump,,MEDIUM,44.4,96156.0,9084.0,9.615e-05,9.08e-06,1419,2026-01-19 02:58:39,1768791519.963042,8Xozof7qyEfLaNf33eDNFwkjay64iZEKfpdDMLEHQVfqoj6W7zGQsUEUyiGVKXiEPXCcMdX1uGr6yc9ciwBVKEA,3XihKyAoBKKiNP2BFVUPrnLLWy6zN9SLTda5zppqPYwg
HAQiwa3tqbmUS6u676Yh8TzYAXToXx4jvWvb9WY3pump,,LOW,33.4,95638.87,2431.69,9.564e-05,2.43e-06,1306,2026-01-19 03:19:51,1768792791.2222872,4Pg9G4QHHtRcForKgYD95Q3frLtk727fbJsxWS9tB9jYSeE2f6AcbfhQBYTsYYD4akd2pJvwWJGKySiPUtVWRPez,3CyBEPfZhhc8T2ZArj3PZfUdD92Fh4yz7GWkFjEmppn7
5U7Qfd9AgbNrbTKfypxBA3maUtqjPA7KeSrKhR8Zpump,quick_peak_low_mc,MEDIUM,60.5,95504.53,0.86,9.55e-05,0.0,1504,2026-01-16 21:56:42,1768600602.15135,2zpVfooQUZcgB7EMhYQg1VsdGh3cMuQBwTvcH7L4qFvo8AFigZFMEY9QPwqiDdERLNv6FNvq8gb7LtZUdmAxxgNe,GuExBoYV2SsEBmepp15KEQwjeSXJSU2GLrXkuArQSXQH
B4AmBvsb9hKNPEaJPkBodYP4aHt8LKMowDCudB3Ypump,quick_peak_low_mc,MEDIUM,44.1,90702.36,2775.0,9.07e-05,2.77e-06,1167,2026-01-17 02:01:08,1768615268.7738292,4fRRR2yy4f6YhRMWP5R7qCLCqBoh6vK7V9UBj51Jny7SN2MVTS33tCfZtbThGBpZMKo6jZZaRUFdZe2mDfj1Uk14,H7UzVKfbef3YHZ2dp5AtQdErTMLwkzFDR6Rs5AHMUrEx
HRJDU9rtd5AygJKokY9AhPoRrFerofSU21f36pyKpump,quick_peak_low_mc,MEDIUM,56.0,89611.0,2785.0,8.961e-05,2.79e-06,938,2026-01-16 18:11:11,1768587071.365036,k83cQ5FEETaYCdsUMWm8MkN5d8o9fHM2iFdc3sMS71WKDDezdrdUKhXjZjp6NKWoiUqek6X8ZG6XT6UUo1dKqKZ,5zcUBrmRdBqiM6CBgMdq9TG7T5UwqKxPAScMRoimpvFk
27mrWZe7PDr7ecQgN2vKUeegwD5ZXiyKcqXDpJFMpump,,LOW,35.7,88422.09,5662.37,8.842e-05,5.66e-06,1450,2026-01-19 03:12:18,1768792338.056915,2xC2fkKEzSVjYMWHcz43egcuK4K9B6To2zGmxcbdz5YEPKwRbzDpdqV2jBGr9zepX5KUrviC8XW2nvjPpjs1Fgcm,DY3nHnrwoXyFJ4a4WDiGrKFKfLuH61rr9EQYbfgc4sGo
3PTweY7diTmNuym8Ms26CvSitsVf2n7EQGp4AfaFpump,quick_peak_low_mc,LOW,39.8,88155.31,4086.39,8.816e-05,4.09e-06,1453,2026-01-16 20:27:03,1768595223.868577,w6qoeQLk1JYVE3d5MgimcPaS9npxykgAuPjvkuo7nmWagsaswNuCs6s1hk92CeJVRsFa8mrGtsUtk4E2djrZbe8,6FyQcgwo1JsvqsHRtwvd4FiHZ9XAcG46XEqJCdj1ap4e
DVHAQSGfkdrTJPVNH1rW8z5XT5VWcfkQ6ee6vsRwPHfj,,MEDIUM,57.3,86357.57,27830.0,8.636e-05,2.782e-05,1321,2026-01-18 23:16:23,1768778183.589717,5zuJiKhj2EQ5YuX1tg9AmLMJm554Xv659GEYEqVWmRJLFpoZTYrqivnVTcmM5z2xkEjLVnFzUE6HbBuit9QbBi8T,94EGkZMWXTU2AdTptK3CXqQpjr9GQWE37d1ShpbEu73g
8F8UEEgZ4RDVV4v68bWJA2XvzPRBk4nTazXTtg4Jpump,quick_peak_low_mc,HIGH,71.9,85552.87,3609.0,8.555e-05,3.61e-06,478,2026-01-17 00:48:18,1768610898.7516239,3myaXqKsFWVVPBjo5Jna5SbnY2XbtvsAuqvymUMztocP7nwrFN7KP7bGib4RAxtagnYfqHCUUFoFY7Ue5qZUZqot,7dkuo9RkFMf4J94vXWtSdJRYNT4eNwg28Y4tfCzkcKCx
F2zCG9DvBUAic3RLnji9bKh5k5a91qLvnErbYKi9pump,,MEDIUM,63.3,85188.26,4403.16,8.519e-05,4.4e-06,1223,2026-01-19 03:49:03,1768794543.755702,3fmqGLe3WnjoSXqN8y2phXMB5XAKND5kxX3gPx8Nhm3wCxmPTqkmW1CB13FHcbCeuNiQXQhBDraRXFFRyGxRJPxm,CU796feCMsK38eTPkDkacCh9AaEJv64UZSQu1ZwqUP7p
CAbxpKaTqHz29sNGzMAAswyj7C1972wbrzVETXv8pump,quick_peak_low_mc,MEDIUM,59.4,84142.86,2889.0,8.414e-05,2.89e-06,1232,2026-01-18 01:00:19,1768698019.370226,2auoDe5P4nXFcbNMcGAv4XrCQ114hon8i79dVPBjxnkpYLTmQCgkaK3sZX9heHyWPTQtUnE35wFKWrH6wMk6UScm,3BXaEemxpHiqbrze3m2NEZXvME2qH2iNVdjPCHL3m3Af
ovJjdAjPyHBfZAiGx46DMR53sSjS9CHe1pjkNjrpump,quick_peak_low_mc,MEDIUM,47.8,80947.62,3017.0,8.095e-05,3.02e-06,1118,2026-01-16 22:16:10,1768601770.149864,2GgSpaxr7acV1TXMBEnaegzUwjTq9YnhQuCvJvjcPKvjkZN6x8a8Jm1jDSWyEvZNB2C4iVYzAJSiyp851xZ5FUJu,FfNjzW42HD2kRzCCph85ddzR1kWRxM1R4HkgQriM9YsA
2qA1K9ygUHvYj9hVhWDDw1AwzZP8E65ijGjhGoPMpump,,MEDIUM,51.4,80315.43,6138.0,8.032e-05,6.14e-06,1384,2026-01-19 01:45:45,1768787145.7385778,4WZCHkcF867fh5pmSDWZQZiUsCr5WmeyRV5hGriGCLePdzM7iVbQHzYJMxq71x7BwPiByg6F8g4EecC91JxdmRq5,7fcaKa4k4Qvk2euvWr3Vq5aBwuo2P26PKbDZVeLM6VSu
GV3zsDREuXiEeSzqmWuwpRGkCnRnRdcjZqPPeaXtpump,quick_peak_low_mc,MEDIUM,55.0,80092.81,2385.22,8.009e-05,2.39e-06,26,2026-01-16 22:23:37,1768602217.33742,RhZbAzzbwfKXXPStBCzyyQ3oGS9DxMivtsPsoAw2KWXayroByQa9QQjg5VcWUJmMNiondDD2deSooo9aVXZFdVm,FdC337aKuFHuBb5nptwVs7v9S4bXJhFfPPEDwtbKerFj
cYpvLMFNVDyDfwT5nbKpVZtf6GntazvTwxGTRAfpump,,MEDIUM,58.9,76530.1,2383.0,7.653e-05,2.38e-06,320,2026-01-19 03:49:25,1768794565.364096,4Q46oPKZtJNQ91bwVt9LNR1vhd9xTBB5v3vykxruA7HcnjBAcXq9LYu3kNEXiAzqDgbC9X57DKZpSxiftqszrCeg,EwNtDdbKxjXmmt561Q4azrkGXYJdk7jUURVMBXXXBere
C7ph6fmVQfF3Vin4769mhPLFTB4vmQ2sRgqsqrrdpump,quick_peak_low_mc,MEDIUM,51.7,75066.29,2425.59,7.507e-05,2.43e-06,1264,2026-01-17 01:45:23,1768614323.9286,3DAz87aR1V9ANhXWrpQMeA4otnCQiwW1Yiy6Stqbca9W913KYS5cNMMmJkxjjH4KupvaUtk3us5BcrofY86R12Ji,4FCsYZyKLpqUxpfPzS4n1mu87tF8LVmyhe3aQEvgw7oF
D9Af8b45MTya9vPYh5u1K4AYEdia4A4AfoJ7KFBpump,quick_peak_low_mc,MEDIUM,67.9,72464.0,2806.0,7.246e-05,2.81e-06,336,2026-01-16 19:05:05,1768590305.868706,LmXHXeUR8d8MFBsrX5gxr18XGHfWMrcfgobenzwmh4ovz2cmTdc7RUJMcMo7WCojReGnjQvrr5HRBaKthJr3f6M,A5fyjnYzYeq84rRSPkgQQBgzedNaiGZ4XYB25AoHhPqm
Ft7SDd5ET1kvTq5MgiWzSR1QRwHWDsjFPhAbPPJPpump,quick_peak_low_mc,MEDIUM,42.5,71739.59,15733.72,7.174e-05,1.573e-05,1560,2026-01-17 01:53:53,1768614833.6204429,5s7i7kNzRxhDzmhsuUmJ8g2fHA7knjYfWmqyntJTX1J9t91zLAZDwKtRH98Qmisd1CehjbYkVQUnoSPLD1scGrsA,7KvR4N7pZHtVk5MwPFxwGEuoXrdCsdVCnXf7ao47z5s4
591ndTxgES5QY2V7QVGMkoVEKGdhDKLDoDSAVBN9pump,,MEDIUM,46.5,69253.73,4548.0,6.925e-05,4.57e-06,1397,2026-01-19 00:57:33,1768784253.725395,2JhdPZkm9ZterypUwdFsKNEKDgazkpooVPLCdDBN58CaL5niSSBW1pEvWL6mpukDdeid48eBXiNHKVsxnZ8ucREP,FtjCdNmETgaghrQsT7wKPeirEqWyqt9eqVxPin618pCd
44RbDMmrXaZfMKCSsK4hMaDyzzcX4hnUUKrRpvF3pump,,MEDIUM,61.7,69057.0,2517.0,6.905e-05,2.52e-06,1331,2026-01-17 03:27:12,1768620432.9928582,4bqFCQMNTasKjUskQwqfuot1E9i3XvZxGo1kDy7PdEfauojWVgUGv7An33xeyfHRzSmPm5Pjev8zV4NbDDe8ziyc,GxweLtnK5pJZuq96BooKudspoLtXuN1QhwoTBb2KGE6H
ARJEX58aZuHTudPphhi7Mbu7XkoLDQcrtwByiEUspump,,MEDIUM,50.7,66931.32,13413.0,6.693e-05,1.341e-05,1326,2026-01-19 02:15:47,1768788947.1861608,LxJ3i9uTEx88voPfukhnGSjReNFRQ8LiergTguFPkPr2dKjYeZVV4cfit8jNMiPCVgCuamxo77zVtBMqMWgmdGT,7xDxhXRbugsQ3iitVrTYBPtA1aPvwXHVzbDNt5UJsUFE
9WXmXxDFc9LgjgyussZ7rgn4uWyzXTbwZffACS2Spump,,MEDIUM,55.7,66789.0,3035.0,6.678e-05,3.04e-06,840,2026-01-17 03:15:07,1768619707.9627268,2EN71RYxVeaadAnN1mNux4wb5hxypLFK3viULcQh2ZBbzdMQSaM32FZHeFSQtPKHBSncm4mngVWLAyHhKVNLEMXT,CjxPsGz5FcPGeJ5Cega3PxYyBJVPpvPgZwbHvhpVfe19
DPENzFndtAPD6tcoWBs3H1DzgzFH4W7SaeuxtSmVpump,quick_peak_low_mc,MEDIUM,40.6,65809.7,4551.8,6.581e-05,4.55e-06,1419,2026-01-16 17:38:53,1768585133.954997,3W7Jn5EkkiUEqrqZ26HQNa7AjwjtWYoA2dSo9HgQEaDDD4RHpGTbTS1U3gt87DhmVnuThEaS1a4KrgzQ4EF7Uy1P,C1E476QZwrL89VKcop7ToNSFqmXunnDibg4Aa1Asqgje
6K1BsUnDe1NTRL4i1DDkVXcYnnWmUqvdt2YDuEfkpump,,MEDIUM,69.8,65151.0,2666.0,6.515e-05,2.67e-06,987,2026-01-19 02:24:13,1768789453.5497952,4AModAoDKAfxvkSmUmh2jVTjd59FL2wQPR1qx9UmNjk7w5oWWU2Ymh4wcDVdwvJZGpE6GYPsWGwWxqGGAN9WgR9k,9xbPkY2KZzKRUFjc5Vaku9hAFKm2GD5mnbZyoiYgksDu
GVUo5r1R2sShmAP6bnmLJnKrQRkAArCcFfDDvdotpump,quick_peak_low_mc,MEDIUM,55.8,64504.89,2396.0,6.45e-05,2.4e-06,22,2026-01-18 00:18:32,1768695512.352737,5B8tiquutjHNVNtP6MpUyY3raAFGJREHnhDULC6KKvhdN9fUbLRyoF6Uz8BjsebybC2LwEMs51st96bnpGhGdUG7,DBrV9WGK1WXLBsjHjWWgT4fi1yyGESsPXQotNYZ6YvDA
ASybYDhpvAgw5aRbfu8CiY7cGSENE2o3o9hCQBPN8moW,quick_peak_low_mc,MEDIUM,69.4,63603.75,3227.0,6.36e-05,3.23e-06,696,2026-01-16 18:57:32,1768589852.377982,5twkUWjMFWKkfcfCLRqrzc9syuC3TPBtHorLDb9tyGAYTENu6D2S5BuUtZETkNd34w7MxTBCnpPnKqqzFma92tod,H726vcLfi98CcY3LZSftGweRNkXK6qYSRBChrx8siGZJ
7FokXMsy92woWay3TJCZvZzbDv1i4eqJFVn9r9Mgpump,,MEDIUM,55.0,63322.0,2391.0,6.332e-05,2.39e-06,180,2026-01-18 22:24:57,1768775097.109003,3x8FDQoRCg2KX8DQHr5259vZdGT1iubv38VaobMUbQnL6Camv589aiPu2TUZZSadk38J38bs7UQvfSHYfoTbRcoC,4mVxZQDoLkhvTEPaemxwG8extyAGiGa9cBEeVFJVYAGH
5W1NUuRs3PBoyBwqhKzEvxrLH9rear7Lcs471EB2pump,,MEDIUM,41.6,62798.24,2795.0,6.28e-05,2.8e-06,1390,2026-01-18 17:23:41,1768757021.358349,3GEwBQDiBuwKBbmMVf4kzxQhH2vWqRkZERv39E7a9yCZWyz6UHSLxHajTP5aAcav9RzRafXVdHdJdbtxvjAs4odi,AHDyn4NBhQ6QHRFLSjeQFRvAp96BrU5nGhXsgCqBS4b3
GZNDg2rKC53bM8CMwNs1FBDvXUZfshPtftjekzacpump,,LOW,38.5,59124.42,7241.0,5.912e-05,7.26e-06,1475,2026-01-18 04:07:46,1768709266.668608,4LA2xqdQH8SEpHCza3B1vfik9BNX9uzQjAQuUWC6j27aSSYyxTj8VixzePJ5DDo99KDvwnpsHxU8b3MzQ5hnU7xv,2xbDxguNoF8f2pPUarhs6rLhArrwQwgN5tpwLQ4YuzRG
9bHzfHtRexU6jyGySJzj25fTo67rapjABxJRbrgfpump,,LOW,33.9,58570.7,6808.0,5.857e-05,6.81e-06,1359,2026-01-18 16:14:40,1768752880.492513,4DtE9Rbpe4YdRDdwAuH7xfQbQQW4KkXxGS1RBBrsKyS5noXcdtHpdtc2e3gSFqfbyf9kxhZXbAs9KRaaTL9nEcBz,HY7FXoiHRAFS7oWsp75wLxziGhLK351aCtZtxvWWsJyB
DBcfgmwJfH65PZykwVeg9STvLiWUki6ZBUYgQkoHpump,quick_peak_low_mc,MEDIUM,41.8,56161.0,2775.0,5.616e-05,2.78e-06,980,2026-01-17 01:26:26,1768613186.861325,27rUwF5YwJAMzkgk4GoBmUM2mYLn251y2Z1N6WhpWdpeHcyVW6FJmHf1ss6nfU2m5zHUF5bRKqy1zimSTjYorb92,6hBMK4rSBfcWPKHaPtqe1oHr1Drt5bbX9hc8KYdCigkP
DWxk2VaurkbvFGK8cQ15BHf7ene38ngXaMy5K38ipump,quick_peak_low_mc,LOW,33.5,52357.19,3310.0,5.236e-05,3.31e-06,1348,2026-01-16 17:45:15,1768585515.073632,3cKoQpyXbo4hJjkT6464ptEHEKujBSgqeWn3fYRWC1h7kqAHh72AfZmdNi3zKsVkugMfMCDkzcs2ApEoZ29pZHMN,Cr1mBa2wAETuNJYWbyYnJv3fmCUkLNJaGfnB4QNHcEhf
2NBcUF6CieETn6bRJg14yCgF5UH23zMkEEvs4Pkdpump,,MEDIUM,62.9,42996.97,4702.0,4.3e-05,4.7e-06,991,2026-01-19 01:47:54,1768787274.269436,3LSP7deKqBtKj3784k9dVbqnkNuJHjLX4cUbRNfNjWQ6PVy2i7PBCwgSyt1tBWRAwd7XeVkRV8dpQfNUJ8JcZVqm,AFKLPieEmC2Hmu43HYhNdaURRfNkA7cifHjNAwCjQt9D
3tsB9YuYT3ns6f4aWUjmLKGGZHW6Tnsrchn2oFrYpump,,MEDIUM,52.0,40431.3,2697.0,4.043e-05,2.87e-06,1480,2026-01-19 00:46:41,1768783601.844502,4CVjDyoGra2ZAuDdGUmV46fVsUZnUMjDmo5SdFK4WzaYDoWEtW4Jt8pZfmXfhPoJ9zZrJsK3YwzRxW7zm3x7ZJZd,2V7bTzqvriPB2JAQP5M9x7Rs2QvQ22FSqbHpWwkgB7H7
DUfbRD1zDFckaaCgmX7TJm1Dn8WzaDLFjiJSzNkRpump,,LOW,38.9,37005.0,4249.35,3.704e-05,4.25e-06,1408,2026-01-16 18:03:49,1768586629.010156,5uNSiRnJwrd1KgpUPBk3BvpjubqiZp7dLBpSsEdjoCPsyHzy84xQ4QKQhwCZG1DAKudcCVxYyxCXBgB9DPKDadQM,7jXs4WfJfGQvWEbqSyHTuE54RNc7sJMCcFRaHA6qbxtP
CSyHedMESY46tnZciCHFtEBUhYuuWkKW54YvigMHpump,,MEDIUM,56.3,35693.15,8992.0,3.569e-05,9.01e-06,223,2026-01-18 18:02:15,1768759335.063519,643wqP5F8NSGJtxARQ2vMQVJuSFudVMUAFzabj2iUkkuZja4ih8V7S7Hqbh1ssQqGUFeCAJPvTGhgiXFEd9ZyHVs,AHyhfdGFtSXJoFXZHoAnti3yb9JL5WPRR5X4PjUbTonK
8VEZpPx9W3ViwdE2YB8ZR2ZyBHt4eoPu2g24L7gRpump,,MEDIUM,55.0,34695.93,3777.92,3.47e-05,3.78e-06,72,2026-01-16 18:48:41,1768589321.654314,e5oimKJ3nzdYEVNe1pecTUWUTkfQwqSS6qGkFpRWjaD3nPRfYuFQHqx5MzYGEPTrJsvb7DpfPfPioeG1vUoGJrq,BBTGtitwZf8Ri394jgBPRgqQfNDs6Ejub5ANB6P6ws4A
AiEUNiBrz2NpBpm6vvksQhHy2XDp2gSj8Mc4mhUHpump,quick_peak_low_mc,MEDIUM,58.5,32508.55,3511.0,3.251e-05,3.51e-06,15,2026-01-16 22:24:31,1768602271.814893,5wkCv3Lz1j98U1vhNdrUJZM77pEjzeudHUAQCpLZ5PinffLDThRstNc6VtkHCvWqTyDCxaasknF3L7YNwCDkQdQy,66jWqZmR9Azz5rNrmTHkZQNN93xKQ1kA8eVGYmiq7meM
GYdpsjcBujubdwTPs1Rvk7d1GVG3yxuY4ubExCfmdwnh,,MEDIUM,55.9,30226.78,2926.0,3.023e-05,2.93e-06,132,2026-01-18 00:31:21,1768696281.8233669,4N6ge21K2EVZFNZqkpf2bV3vMg5qqHZssYBs4cE8qd5g26BYUxTcRvdH8uFooAprpwouJCbLw1tH65dCJcNji4N,2TphwQHjYpRJH5DowWRdPaV1Sjb8jBSJPFojan4WgPyo
5HuVvCSQPpYVfpE9rsA2F7E9Cnye7Uq2FsdbeMWWpump,quick_peak_low_mc,MEDIUM,60.0,26622.0,510.0,1.869e-05,4.9e-07,200,2026-01-18 01:26:06,1768699566.207398,2GmyvKg2GBPd7onevWAGafTymYdsPcHRWwz425G1oYJirKfKuE3RHdcYjPXRSJ4yY24vjm6AjiqDwtW9UgQ9dU7a,59gang8iTaDxZho3g2hLLTfAZStCYZvTCuEjG4wrkoK8
8M3CJC3QzKbaLcCFmyYZGVVZ5MgPVN9DNQatSLNUpump,,LOW,21.3,14814.05,7430.0,1.481e-05,7.65e-06,611,2026-01-16 17:21:51,1768584111.634006,4CHupMbkdNo3fwsodqdrbWMbwj1m4PFiuTz4UxjcmbfYCYR1ceujAny7CfhYWKayUcqjJGtmyWac4ZR9MfYvA9hz,6D45shzdiBc366ZCXxQg58iM4DZ5R6SVaKCMXd9xsexb
ApWiSQ5PVJ3qMAc6gRPvzi5L91LEweYSVrGPVGNnpump,quick_peak_low_mc,MEDIUM,64.6,13837.0,531.57,9.64e-06,5.3e-07,171,2026-01-17 03:39:21,1768621161.683358,2WTpPmQj543Z6bL19Pv32aZSQ9zyx5iSAaCqbVNpPvVPcBtoUNjzX3EzDVJd5oHE2LwfDagL9SbwuNpFbL4fk9hc,3ceSHAyEvZmPhP2yMTaPzn1WZubZNevrRP6qPahZqoig
h65QDiacTp5xLD7vU3bFkXeJxnVKarGuBM3jatxpump,quick_peak_low_mc,MEDIUM,58.4,11600.0,2878.0,1.159e-05,2.88e-06,1378,2026-01-17 01:49:44,1768614584.9292521,5XzqCqSydtEZsTE4zkAoj9NStqjhWaQpSdrKDwDdqG8hkpii2smLCK1PC9SEjGwriabepqAgP8NXUChbJ67idLjp,Dg87w3sPsL52851zLAqPFGLD7tb2Yxq3XAHztqSBgyQf
9tnZaFUvrsX7k1FjQPM6HaR5HXodcqMknytZdEc6pump,,HIGH,73.8,7287.14,2618.0,7.29e-06,2.62e-06,1469,2026-01-19 01:06:58,1768784818.8843362,4UXERobr5nBcJ9w1bqLShNAPU2BejH1kyCF1gdEb9SDA9K7jJHubeKNDXhTgEJxnQVYg8SF8ZPej1pSX7ZEaGdoB,DVDRN1fqgRrwZMqvBwXTn8YQWSxinnt4qmqkd2dBcSBC
