creator_address,network_ids,network_count
99i9uVA7Q56bY22ajKKUfTZTgTeP5yCtVGsrG9J4pDYQ,"net_00022,net_00039,net_00043,net_00059,net_00062,net_00072,net_00077,net_00080,net_00085,net_00089,net_00106,net_00110,net_00112,net_00113,net_00118,net_00119,net_00121,net_00126,net_00134,net_00137,net_00152,net_00169,net_00173,net_00184,net_00190,net_00212,net_00232,net_00240,net_00251,net_00262,net_00286,net_00295,net_00297,net_00298,net_00300,net_00302,net_00315,net_00316,net_00319,net_00323,net_00340,net_00344,net_00351,net_00379,net_00381,net_00383,net_00389,net_00395,net_00398,net_00401,net_00402,net_00408,net_00419,net_00445,net_00461,net_00469,net_00505,net_00506,net_00508,net_00511,net_00512,net_00519,net_00527,net_00531,net_00538,net_00541,net_00544,net_00559,net_00575,net_00578,net_00583,net_00584,net_00590,net_00601,net_00614,net_00617,net_00618,net_00622,net_00632,net_00643,net_00655,net_00657,net_00662,net_00672,net_00684,net_00707,net_00708,net_00713,net_00716,net_00741,net_00742,net_00743,net_00753,net_00757,net_00769,net_00774,net_00777,net_00780,net_00782,net_00804,net_00814,net_00817,net_00848,net_00855,net_00865,net_00871,net_00877,net_00881,net_00895,net_00906,net_00925,net_00928,net_00951,net_00952,net_00954,net_00962,net_00963,net_00968,net_00983,net_00986,net_01052,net_01077,net_01079",123
ECU3TzHCrGUhK9Zb524xAhz7pcihPmqzaxAXBLVJjvVm,"net_00031,net_00043,net_00049,net_00057,net_00067,net_00072,net_00074,net_00077,net_00095,net_00110,net_00112,net_00113,net_00122,net_00126,net_00134,net_00152,net_00157,net_00159,net_00168,net_00169,net_00173,net_00184,net_00190,net_00193,net_00210,net_00212,net_00219,net_00229,net_00260,net_00262,net_00271,net_00274,net_00285,net_00295,net_00298,net_00300,net_00315,net_00316,net_00323,net_00331,net_00344,net_00351,net_00365,net_00377,net_00379,net_00381,net_00382,net_00389,net_00401,net_00408,net_00414,net_00430,net_00446,net_00500,net_00505,net_00507,net_00511,net_00512,net_00519,net_00531,net_00538,net_00541,net_00559,net_00571,net_00577,net_00583,net_00601,net_00617,net_00618,net_00622,net_00623,net_00628,net_00633,net_00655,net_00672,net_00700,net_00705,net_00708,net_00710,net_00713,net_00716,net_00718,net_00741,net_00743,net_00753,net_00757,net_00769,net_00774,net_00777,net_00778,net_00782,net_00807,net_00814,net_00817,net_00819,net_00850,net_00855,net_00865,net_00877,net_00881,net_00895,net_00906,net_00920,net_00928,net_00952,net_00954,net_00960,net_00962,net_00980,net_00984,net_01052,net_01053,net_01055,net_01079",114
CfumDPwfYn6m3W6fyzCMhsYkS2Uxpeu1npxZPUasV5nX,"net_00012,net_00013,net_00019,net_00040,net_00047,net_00048,net_00058,net_00065,net_00075,net_00076,net_00086,net_00094,net_00117,net_00120,net_00129,net_00151,net_00178,net_00180,net_00198,net_00199,net_00202,net_00206,net_00208,net_00242,net_00250,net_00258,net_00268,net_00269,net_00276,net_00278,net_00283,net_00299,net_00310,net_00312,net_00324,net_00325,net_00360,net_00364,net_00372,net_00380,net_00397,net_00400,net_00409,net_00411,net_00432,net_00433,net_00452,net_00456,net_00464,net_00468,net_00479,net_00510,net_00516,net_00534,net_00548,net_00551,net_00586,net_00605,net_00608,net_00612,net_00615,net_00619,net_00620,net_00653,net_00659,net_00665,net_00668,net_00675,net_00678,net_00702,net_00714,net_00733,net_00738,net_00748,net_00760,net_00764,net_00765,net_00772,net_00786,net_00798,net_00828,net_00830,net_00849,net_00857,net_00863,net_00887,net_00899,net_00902,net_00910,net_00911,net_00913,net_00914,net_00919,net_00937,net_00950,net_00965,net_00989,net_01047,net_01051,net_01056,net_01058,net_01068,net_01083,net_01084",104
8vYghuua9zcAvsBURXan8L2ZkGZHRaUWmbLNNCGKWUw3,"net_00022,net_00039,net_00043,net_00059,net_00062,net_00072,net_00077,net_00085,net_00106,net_00110,net_00112,net_00113,net_00126,net_00134,net_00152,net_00169,net_00173,net_00184,net_00190,net_00212,net_00232,net_00251,net_00262,net_00295,net_00298,net_00300,net_00302,net_00315,net_00316,net_00323,net_00340,net_00344,net_00351,net_00379,net_00381,net_00383,net_00389,net_00401,net_00408,net_00419,net_00461,net_00469,net_00505,net_00506,net_00508,net_00511,net_00512,net_00519,net_00527,net_00531,net_00538,net_00541,net_00544,net_00559,net_00583,net_00584,net_00601,net_00617,net_00618,net_00622,net_00632,net_00655,net_00657,net_00662,net_00672,net_00684,net_00707,net_00708,net_00713,net_00716,net_00741,net_00743,net_00753,net_00757,net_00769,net_00774,net_00777,net_00782,net_00804,net_00814,net_00817,net_00855,net_00865,net_00877,net_00881,net_00895,net_00906,net_00928,net_00952,net_00954,net_00962,net_00963,net_00968,net_01052,net_01079",95
HYWo71Wk9PNDe5sBaRKazPnVyGnQDiwgXCFKvgAQ1ENp,"net_00001,net_00006,net_00007,net_00010,net_00016,net_00018,net_00020,net_00044,net_00052,net_00063,net_00067,net_00093,net_00122,net_00138,net_00160,net_00203,net_00219,net_00221,net_00225,net_00234,net_00239,net_00247,net_00265,net_00304,net_00305,net_00307,net_00311,net_00355,net_00362,net_00382,net_00385,net_00388,net_00414,net_00442,net_00454,net_00463,net_00472,net_00482,net_00485,net_00500,net_00509,net_00516,net_00528,net_00536,net_00544,net_00564,net_00576,net_00630,net_00633,net_00647,net_00652,net_00663,net_00687,net_00712,net_00720,net_00768,net_00779,net_00781,net_00791,net_00803,net_00809,net_00813,net_00816,net_00829,net_00840,net_00844,net_00882,net_00884,net_00891,net_00898,net_00900,net_00921,net_00934,net_00936,net_00959,net_00966,net_00980,net_00984,net_01086,net_01088",80
3xVJVtHpyRJqpF8J5dospx8vr9M9sSedkoNNPubL4VMG,"net_00019,net_00040,net_00047,net_00048,net_00058,net_00065,net_00067,net_00094,net_00117,net_00122,net_00129,net_00151,net_00180,net_00198,net_00199,net_00206,net_00208,net_00219,net_00242,net_00269,net_00276,net_00278,net_00283,net_00299,net_00310,net_00312,net_00324,net_00325,net_00364,net_00372,net_00380,net_00382,net_00397,net_00414,net_00432,net_00433,net_00456,net_00464,net_00468,net_00479,net_00500,net_00510,net_00551,net_00586,net_00605,net_00612,net_00615,net_00619,net_00620,net_00633,net_00665,net_00668,net_00678,net_00714,net_00733,net_00738,net_00748,net_00760,net_00765,net_00772,net_00786,net_00849,net_00899,net_00902,net_00910,net_00911,net_00919,net_00937,net_00950,net_00965,net_00980,net_00984,net_01058,net_01068,net_01083",75
69aiAKU3uJMxMLRkUEGFNt6nQ43PiVimE4ZbErJ7VSM1,"net_00004,net_00009,net_00084,net_00088,net_00100,net_00175,net_00194,net_00237,net_00244,net_00259,net_00314,net_00416,net_00431,net_00516,net_00544,net_00789,net_00815,net_00888,net_00994,net_00995,net_00996,net_00997,net_00998,net_00999,net_01000,net_01001,net_01002,net_01003,net_01004,net_01005,net_01006,net_01007,net_01008,net_01009,net_01010,net_01011,net_01012,net_01013,net_01014,net_01015,net_01016,net_01017,net_01018,net_01019,net_01020,net_01021,net_01022,net_01023,net_01024,net_01025,net_01026,net_01027,net_01028,net_01029,net_01030,net_01031,net_01032,net_01033,net_01034,net_01035,net_01036,net_01037,net_01038,net_01039,net_01040,net_01041,net_01042,net_01043,net_01044,net_01045,net_01046",71
EFadfqMJRxpHF7KAU5qy5Bsukf1yyQKMg5iEJxAKaQic,"net_00002,net_00045,net_00046,net_00070,net_00081,net_00083,net_00090,net_00125,net_00131,net_00140,net_00146,net_00150,net_00170,net_00204,net_00205,net_00211,net_00215,net_00224,net_00230,net_00275,net_00284,net_00306,net_00339,net_00347,net_00348,net_00359,net_00378,net_00415,net_00417,net_00455,net_00483,net_00491,net_00492,net_00503,net_00516,net_00529,net_00539,net_00543,net_00545,net_00554,net_00561,net_00597,net_00604,net_00607,net_00627,net_00638,net_00640,net_00644,net_00661,net_00685,net_00690,net_00693,net_00735,net_00773,net_00775,net_00785,net_00794,net_00836,net_00843,net_00858,net_00867,net_00873,net_00892,net_00905,net_00912,net_00924,net_00942,net_00944,net_00947,net_00964,net_01061",71
2zYoYY4wdvagwgKBSgqwGXSxY18TUZgEg2ixdwfpsGMh,"net_00002,net_00045,net_00046,net_00070,net_00081,net_00083,net_00090,net_00125,net_00131,net_00140,net_00146,net_00150,net_00170,net_00194,net_00204,net_00205,net_00211,net_00215,net_00224,net_00230,net_00275,net_00284,net_00306,net_00339,net_00347,net_00348,net_00359,net_00378,net_00415,net_00417,net_00455,net_00483,net_00491,net_00492,net_00503,net_00529,net_00539,net_00543,net_00545,net_00554,net_00561,net_00597,net_00604,net_00607,net_00627,net_00638,net_00640,net_00644,net_00661,net_00685,net_00690,net_00693,net_00735,net_00773,net_00775,net_00785,net_00794,net_00836,net_00843,net_00858,net_00867,net_00873,net_00892,net_00905,net_00912,net_00924,net_00942,net_00944,net_00947,net_00964,net_01061",71
2GYNU7t9kLKRHHWtQVUZzzz6xvCTW9PPayvgspGbX1Mx,"net_00002,net_00045,net_00046,net_00070,net_00081,net_00083,net_00090,net_00125,net_00131,net_00140,net_00146,net_00150,net_00170,net_00204,net_00205,net_00211,net_00215,net_00224,net_00230,net_00275,net_00284,net_00306,net_00339,net_00347,net_00348,net_00359,net_00378,net_00415,net_00417,net_00455,net_00483,net_00491,net_00492,net_00503,net_00529,net_00539,net_00543,net_00545,net_00554,net_00561,net_00597,net_00604,net_00607,net_00627,net_00638,net_00640,net_00644,net_00661,net_00685,net_00690,net_00693,net_00735,net_00773,net_00775,net_00785,net_00794,net_00836,net_00843,net_00858,net_00867,net_00873,net_00892,net_00905,net_00912,net_00924,net_00942,net_00944,net_00947,net_00964,net_01061",70
HusVLYWwgAGXH2W138Hh6Y96ZbLv6qffMKcpipjs4Ahi,"net_00043,net_00072,net_00077,net_00110,net_00112,net_00113,net_00126,net_00134,net_00152,net_00169,net_00173,net_00184,net_00190,net_00212,net_00262,net_00295,net_00298,net_00300,net_00315,net_00316,net_00323,net_00344,net_00351,net_00379,net_00381,net_00389,net_00401,net_00408,net_00505,net_00511,net_00512,net_00519,net_00531,net_00538,net_00541,net_00544,net_00559,net_00583,net_00601,net_00617,net_00618,net_00622,net_00655,net_00672,net_00708,net_00713,net_00716,net_00741,net_00743,net_00753,net_00757,net_00769,net_00774,net_00777,net_00782,net_00814,net_00817,net_00855,net_00865,net_00877,net_00881,net_00895,net_00906,net_00928,net_00952,net_00954,net_00962,net_01052,net_01079",69
4TGb4yXdopy1FYAYofSvDRxGoNDEzTzWcpyqgdtFpx7t,"net_00024,net_00026,net_00032,net_00038,net_00041,net_00049,net_00061,net_00074,net_00105,net_00139,net_00159,net_00160,net_00168,net_00171,net_00191,net_00222,net_00246,net_00260,net_00273,net_00282,net_00303,net_00322,net_00335,net_00365,net_00368,net_00370,net_00371,net_00422,net_00443,net_00446,net_00484,net_00487,net_00488,net_00515,net_00526,net_00544,net_00560,net_00571,net_00577,net_00623,net_00647,net_00654,net_00671,net_00679,net_00681,net_00705,net_00710,net_00718,net_00724,net_00729,net_00759,net_00763,net_00784,net_00807,net_00819,net_00861,net_00869,net_00880,net_00882,net_00885,net_00897,net_00940,net_00953,net_00969,net_01070,net_01094,net_01096,net_01097",68
whamNNP9tHoxLg92yHvJPdYhghEoCg1qYTsh5a2oLbx,"net_00019,net_00040,net_00047,net_00048,net_00058,net_00065,net_00094,net_00117,net_00129,net_00151,net_00180,net_00198,net_00199,net_00206,net_00208,net_00242,net_00269,net_00276,net_00278,net_00283,net_00299,net_00310,net_00312,net_00324,net_00325,net_00364,net_00372,net_00380,net_00397,net_00432,net_00433,net_00456,net_00464,net_00468,net_00479,net_00510,net_00544,net_00551,net_00586,net_00605,net_00612,net_00615,net_00619,net_00620,net_00665,net_00668,net_00678,net_00714,net_00725,net_00733,net_00738,net_00748,net_00760,net_00765,net_00772,net_00786,net_00849,net_00899,net_00902,net_00910,net_00911,net_00919,net_00937,net_00950,net_00965,net_01058,net_01068,net_01083",68
9CRPmXbiJq1fD9i96Fc2MSYcGhiUvy4cP8whngfBLfQi,"net_00019,net_00040,net_00047,net_00048,net_00058,net_00065,net_00094,net_00117,net_00129,net_00151,net_00180,net_00198,net_00199,net_00206,net_00208,net_00242,net_00269,net_00276,net_00278,net_00283,net_00299,net_00310,net_00312,net_00324,net_00325,net_00364,net_00372,net_00380,net_00397,net_00432,net_00433,net_00456,net_00464,net_00468,net_00479,net_00510,net_00551,net_00586,net_00605,net_00612,net_00615,net_00619,net_00620,net_00665,net_00668,net_00678,net_00714,net_00733,net_00738,net_00748,net_00760,net_00765,net_00772,net_00786,net_00849,net_00899,net_00902,net_00910,net_00911,net_00919,net_00937,net_00950,net_00965,net_01058,net_01068,net_01083",66
2uqW2ydRQA3fgAJ1cQeohtAvyCxp2Qs6bnGnL9cwt9qy,"net_00003,net_00008,net_00011,net_00102,net_00103,net_00111,net_00115,net_00158,net_00188,net_00214,net_00216,net_00326,net_00338,net_00342,net_00384,net_00385,net_00390,net_00399,net_00420,net_00427,net_00442,net_00447,net_00475,net_00478,net_00482,net_00535,net_00542,net_00555,net_00626,net_00645,net_00649,net_00688,net_00689,net_00692,net_00698,net_00704,net_00726,net_00745,net_00750,net_00797,net_00800,net_00808,net_00810,net_00821,net_00831,net_00838,net_00839,net_00845,net_00854,net_00866,net_00868,net_00870,net_00916,net_00923,net_00933,net_00969,net_00978,net_00985,net_01060,net_01064,net_01066",61
7cWpF6NeGueFa6JXDrTQmApinoHjyfsh5kaAXDaeoEy8,"net_00037,net_00056,net_00064,net_00097,net_00101,net_00107,net_00133,net_00153,net_00161,net_00163,net_00164,net_00226,net_00267,net_00272,net_00277,net_00314,net_00386,net_00424,net_00434,net_00459,net_00496,net_00514,net_00516,net_00532,net_00566,net_00569,net_00573,net_00587,net_00593,net_00598,net_00602,net_00610,net_00639,net_00642,net_00646,net_00656,net_00676,net_00691,net_00699,net_00709,net_00711,net_00730,net_00754,net_00767,net_00783,net_00825,net_00835,net_00856,net_00874,net_00886,net_00903,net_00958,net_00975,net_00982,net_00993,net_01057,net_01085,net_01089",58
JDQKDrc1TQgBRvdFh56tkta5sYcDj1SoP52Eiu64rSrT,"net_00003,net_00008,net_00102,net_00103,net_00111,net_00115,net_00144,net_00158,net_00188,net_00214,net_00216,net_00326,net_00342,net_00384,net_00390,net_00399,net_00420,net_00427,net_00447,net_00475,net_00535,net_00542,net_00544,net_00555,net_00565,net_00592,net_00626,net_00645,net_00649,net_00692,net_00726,net_00728,net_00749,net_00776,net_00797,net_00808,net_00810,net_00821,net_00838,net_00845,net_00854,net_00866,net_00868,net_00870,net_00898,net_00916,net_00923,net_00933,net_00978,net_00985,net_01060,net_01065,net_01066,net_01070,net_01078,net_01085,net_01088",57
A8Z1ejQGk45EJibBPJviWnM3UvwKSuYun53nSCkWKM52,"net_00015,net_00028,net_00029,net_00034,net_00035,net_00053,net_00082,net_00088,net_00100,net_00132,net_00145,net_00148,net_00149,net_00155,net_00176,net_00179,net_00186,net_00192,net_00195,net_00218,net_00236,net_00296,net_00313,net_00329,net_00345,net_00373,net_00374,net_00392,net_00396,net_00441,net_00465,net_00497,net_00499,net_00530,net_00544,net_00592,net_00613,net_00658,net_00695,net_00719,net_00766,net_00800,net_00820,net_00823,net_00837,net_00901,net_00904,net_00961,net_00990,net_01054,net_01065,net_01080,net_01085,net_01091",54
DKfDdLy9JYA2gpoSmxzPmmT57FmTe6uzTmpEk6hyjPhR,"net_00031,net_00044,net_00057,net_00095,net_00154,net_00157,net_00181,net_00185,net_00193,net_00210,net_00229,net_00271,net_00274,net_00280,net_00285,net_00331,net_00363,net_00377,net_00385,net_00412,net_00428,net_00430,net_00472,net_00507,net_00516,net_00560,net_00592,net_00625,net_00628,net_00667,net_00679,net_00689,net_00700,net_00717,net_00728,net_00731,net_00758,net_00776,net_00778,net_00790,net_00842,net_00850,net_00882,net_00893,net_00920,net_00956,net_00960,net_01053,net_01055,net_01057,net_01059,net_01065,net_01085,net_01097",54
71vKVPEBXdLk2VEr1b82SAwmhFRGeapSXGH5bTp5PhZC,"net_00994,net_00995,net_00996,net_00997,net_00998,net_00999,net_01000,net_01001,net_01002,net_01003,net_01004,net_01005,net_01006,net_01007,net_01008,net_01009,net_01010,net_01011,net_01012,net_01013,net_01014,net_01015,net_01016,net_01017,net_01018,net_01019,net_01020,net_01021,net_01022,net_01023,net_01024,net_01025,net_01026,net_01027,net_01028,net_01029,net_01030,net_01031,net_01032,net_01033,net_01034,net_01035,net_01036,net_01037,net_01038,net_01039,net_01040,net_01041,net_01042,net_01043,net_01044,net_01045,net_01046",53
2s7oQTgrGRYVGm4G4ZHSCjh34WngSr7ABUDfBvm8zc8Q,"net_00030,net_00049,net_00066,net_00068,net_00069,net_00074,net_00078,net_00142,net_00159,net_00168,net_00174,net_00207,net_00260,net_00261,net_00270,net_00293,net_00327,net_00337,net_00365,net_00425,net_00446,net_00462,net_00466,net_00526,net_00568,net_00571,net_00577,net_00585,net_00589,net_00600,net_00623,net_00677,net_00705,net_00710,net_00718,net_00761,net_00787,net_00792,net_00796,net_00802,net_00807,net_00819,net_00822,net_00851,net_00878,net_00896,net_00909,net_00915,net_00926,net_00939,net_00977,net_01075",52
24XmpY1Xk2miETKYwFpLnHyqKLyewcQujMWXcfz6hHiv,"net_00036,net_00037,net_00056,net_00064,net_00097,net_00101,net_00107,net_00133,net_00153,net_00161,net_00163,net_00164,net_00175,net_00201,net_00226,net_00277,net_00353,net_00424,net_00459,net_00496,net_00514,net_00516,net_00520,net_00532,net_00569,net_00573,net_00592,net_00598,net_00602,net_00639,net_00642,net_00646,net_00676,net_00689,net_00691,net_00699,net_00709,net_00711,net_00730,net_00754,net_00824,net_00825,net_00835,net_00856,net_00874,net_00886,net_00903,net_00958,net_00982,net_01057,net_01065,net_01089",52
2BEdHEQY2fJNUXyndKZWgJni7uPsLThiFpB1MJ7MEHBs,"net_00001,net_00007,net_00010,net_00016,net_00018,net_00020,net_00052,net_00063,net_00093,net_00138,net_00203,net_00221,net_00225,net_00234,net_00239,net_00247,net_00265,net_00304,net_00307,net_00311,net_00362,net_00388,net_00454,net_00463,net_00509,net_00528,net_00536,net_00576,net_00630,net_00652,net_00687,net_00712,net_00768,net_00779,net_00781,net_00791,net_00803,net_00813,net_00816,net_00829,net_00840,net_00844,net_00884,net_00891,net_00900,net_00915,net_00921,net_00934,net_00959,net_00966,net_01051,net_01086",52
95ZCf3jKMHeFYvPXVZW3Ek6AEPDyjebosqnc7eNioVMo,"net_00037,net_00056,net_00064,net_00097,net_00101,net_00107,net_00133,net_00153,net_00161,net_00163,net_00164,net_00223,net_00226,net_00277,net_00424,net_00440,net_00459,net_00496,net_00514,net_00516,net_00532,net_00540,net_00544,net_00565,net_00569,net_00573,net_00598,net_00602,net_00639,net_00642,net_00646,net_00676,net_00691,net_00699,net_00709,net_00711,net_00730,net_00754,net_00825,net_00835,net_00856,net_00874,net_00886,net_00903,net_00958,net_00970,net_00982,net_01057,net_01089,net_01095",50
VKdxpr9eWF1YdL3WrjG6MKKMCZRGJb2LvxEuqNfX2Z5,"net_00001,net_00007,net_00010,net_00016,net_00018,net_00020,net_00052,net_00063,net_00093,net_00138,net_00203,net_00221,net_00225,net_00234,net_00239,net_00247,net_00265,net_00304,net_00307,net_00311,net_00362,net_00388,net_00454,net_00463,net_00509,net_00528,net_00536,net_00576,net_00630,net_00652,net_00687,net_00712,net_00768,net_00779,net_00781,net_00791,net_00803,net_00813,net_00816,net_00829,net_00840,net_00844,net_00884,net_00891,net_00900,net_00921,net_00934,net_00959,net_00966,net_01086",50
8AgdxQbdmAeMtZcPiK3qTDMMMjVeJHQQGqAp3YFGRnmD,"net_00028,net_00029,net_00034,net_00035,net_00053,net_00054,net_00082,net_00132,net_00145,net_00149,net_00176,net_00179,net_00192,net_00195,net_00218,net_00236,net_00243,net_00266,net_00296,net_00313,net_00329,net_00345,net_00374,net_00392,net_00396,net_00439,net_00465,net_00481,net_00497,net_00499,net_00530,net_00613,net_00635,net_00695,net_00719,net_00734,net_00750,net_00752,net_00788,net_00823,net_00837,net_00901,net_00904,net_00961,net_00990,net_01054,net_01080,net_01085,net_01091",49
HojxDfWi729BCp76edmvBVoGoCsx5U3payJ56n1LdnTk,"net_00037,net_00056,net_00064,net_00097,net_00101,net_00107,net_00133,net_00153,net_00161,net_00163,net_00164,net_00226,net_00277,net_00424,net_00459,net_00488,net_00496,net_00514,net_00532,net_00544,net_00557,net_00569,net_00573,net_00598,net_00602,net_00639,net_00642,net_00646,net_00676,net_00677,net_00691,net_00694,net_00699,net_00709,net_00711,net_00730,net_00754,net_00818,net_00825,net_00835,net_00841,net_00856,net_00874,net_00886,net_00903,net_00958,net_00982,net_01057,net_01089",49
D9gQ6RhKEpnobPBUdWY5bPQt2p3zGk3iVz6ChpUi2ArA,"net_00028,net_00029,net_00034,net_00035,net_00053,net_00082,net_00098,net_00132,net_00145,net_00149,net_00176,net_00179,net_00192,net_00195,net_00218,net_00236,net_00255,net_00296,net_00313,net_00329,net_00330,net_00345,net_00374,net_00392,net_00396,net_00457,net_00465,net_00497,net_00499,net_00502,net_00530,net_00566,net_00613,net_00695,net_00698,net_00719,net_00728,net_00732,net_00747,net_00823,net_00837,net_00901,net_00904,net_00961,net_00990,net_01054,net_01080,net_01091",48
9Zu8AigeXgFAajBTni2VWw6Wmz7XxDqHmY5nQwdCWAyY,"net_00028,net_00029,net_00034,net_00035,net_00053,net_00082,net_00116,net_00132,net_00145,net_00149,net_00176,net_00179,net_00192,net_00195,net_00218,net_00236,net_00296,net_00313,net_00329,net_00343,net_00345,net_00357,net_00361,net_00374,net_00392,net_00396,net_00465,net_00470,net_00477,net_00497,net_00499,net_00530,net_00544,net_00613,net_00641,net_00695,net_00719,net_00823,net_00837,net_00894,net_00901,net_00904,net_00955,net_00961,net_00990,net_01054,net_01080,net_01091",48
D8n8Dy6DWC9691mR4NroSA9TdxXBxDV6Rr639RapanS4,"net_00028,net_00029,net_00034,net_00035,net_00053,net_00082,net_00084,net_00132,net_00145,net_00149,net_00176,net_00179,net_00192,net_00195,net_00218,net_00236,net_00296,net_00313,net_00329,net_00345,net_00356,net_00373,net_00374,net_00392,net_00396,net_00465,net_00497,net_00499,net_00530,net_00537,net_00613,net_00624,net_00695,net_00719,net_00823,net_00837,net_00879,net_00901,net_00904,net_00938,net_00945,net_00957,net_00961,net_00990,net_01054,net_01080,net_01085,net_01091",48
5DQMYtNauPDpmt2pvf98QnmumQdaLKfr9fpjDdKLR2w1,"net_00021,net_00091,net_00092,net_00130,net_00156,net_00165,net_00177,net_00231,net_00241,net_00252,net_00254,net_00291,net_00292,net_00358,net_00404,net_00406,net_00407,net_00449,net_00450,net_00493,net_00494,net_00521,net_00523,net_00629,net_00637,net_00648,net_00651,net_00686,net_00723,net_00746,net_00793,net_00812,net_00826,net_00859,net_00860,net_00875,net_00974,net_01049,net_01050,net_01063,net_01073,net_01074,net_01081,net_01093",44
CFa6Jr2wuLdpNTbXVz9uaJb97r3HwQuFZ4LsVPZbuFwr,"net_00021,net_00091,net_00092,net_00130,net_00156,net_00165,net_00177,net_00231,net_00241,net_00252,net_00254,net_00291,net_00292,net_00358,net_00404,net_00406,net_00407,net_00449,net_00450,net_00493,net_00494,net_00521,net_00523,net_00629,net_00637,net_00648,net_00651,net_00686,net_00723,net_00746,net_00793,net_00812,net_00826,net_00859,net_00860,net_00875,net_00974,net_01049,net_01050,net_01063,net_01073,net_01074,net_01081,net_01093",44
CHQXvUMJd9NLsSRL5kXBqj52JX9FNhnzPJKNvTVoqgXr,"net_00021,net_00091,net_00092,net_00130,net_00156,net_00165,net_00177,net_00231,net_00241,net_00252,net_00254,net_00291,net_00292,net_00358,net_00404,net_00406,net_00407,net_00449,net_00450,net_00493,net_00494,net_00521,net_00523,net_00629,net_00637,net_00648,net_00651,net_00686,net_00723,net_00746,net_00793,net_00812,net_00826,net_00859,net_00860,net_00875,net_00974,net_01049,net_01050,net_01063,net_01073,net_01074,net_01081,net_01093",44
FAuDxKsZ45Y2WhEaW3KgnRmxBy69PuYCtqH7gQoExGvr,"net_00021,net_00091,net_00092,net_00130,net_00156,net_00165,net_00177,net_00231,net_00241,net_00252,net_00254,net_00291,net_00292,net_00358,net_00404,net_00406,net_00407,net_00449,net_00450,net_00493,net_00494,net_00521,net_00523,net_00629,net_00637,net_00648,net_00651,net_00686,net_00723,net_00746,net_00793,net_00812,net_00826,net_00859,net_00860,net_00875,net_00974,net_01049,net_01050,net_01063,net_01073,net_01074,net_01081,net_01093",44
E5HJhBLfiQiw3cX7Jokw3gSK14uiLy33kERWFCQnQ7S2,"net_00021,net_00091,net_00092,net_00130,net_00156,net_00165,net_00177,net_00231,net_00241,net_00252,net_00254,net_00291,net_00292,net_00358,net_00404,net_00406,net_00407,net_00449,net_00450,net_00493,net_00494,net_00521,net_00523,net_00629,net_00637,net_00648,net_00651,net_00686,net_00723,net_00746,net_00793,net_00812,net_00826,net_00859,net_00860,net_00875,net_00974,net_01049,net_01050,net_01063,net_01073,net_01074,net_01081,net_01093",44
4x8L843uLk4LwUE2PbSBbqG7e7kCpv9nN8q16gxDHnuX,"net_00021,net_00091,net_00092,net_00130,net_00156,net_00165,net_00177,net_00231,net_00241,net_00252,net_00254,net_00291,net_00292,net_00358,net_00404,net_00406,net_00407,net_00449,net_00450,net_00493,net_00494,net_00521,net_00523,net_00629,net_00637,net_00648,net_00651,net_00686,net_00723,net_00746,net_00793,net_00812,net_00826,net_00859,net_00860,net_00875,net_00974,net_01049,net_01050,net_01063,net_01073,net_01074,net_01081,net_01093",44
DTdHa4auX68jFtXv9wkzMYCahg295AnRuwvm6moW6meZ,"net_00037,net_00056,net_00064,net_00097,net_00101,net_00107,net_00133,net_00153,net_00161,net_00163,net_00164,net_00226,net_00277,net_00376,net_00424,net_00459,net_00496,net_00514,net_00532,net_00544,net_00569,net_00573,net_00598,net_00602,net_00639,net_00642,net_00646,net_00676,net_00691,net_00699,net_00709,net_00711,net_00730,net_00754,net_00825,net_00835,net_00856,net_00874,net_00886,net_00903,net_00958,net_00982,net_01057,net_01089",44
4jyBN4oqpfY3nxHz9aKMaZiHKot9Cv5JEkDZdnfCa6qV,"net_00021,net_00091,net_00092,net_00130,net_00156,net_00165,net_00177,net_00231,net_00241,net_00252,net_00254,net_00291,net_00292,net_00358,net_00404,net_00406,net_00407,net_00449,net_00450,net_00493,net_00494,net_00521,net_00523,net_00629,net_00637,net_00648,net_00651,net_00686,net_00723,net_00746,net_00793,net_00812,net_00826,net_00859,net_00860,net_00875,net_00974,net_01049,net_01050,net_01063,net_01073,net_01074,net_01081,net_01093",44
JAAB4TV8VsWdf42hTEYQSZ3TYPfg7LWp7X67FKBqbAzc,"net_00037,net_00056,net_00064,net_00097,net_00101,net_00107,net_00133,net_00153,net_00161,net_00163,net_00164,net_00226,net_00277,net_00424,net_00459,net_00496,net_00514,net_00532,net_00569,net_00573,net_00598,net_00602,net_00639,net_00642,net_00646,net_00676,net_00691,net_00697,net_00699,net_00709,net_00711,net_00730,net_00754,net_00825,net_00835,net_00856,net_00874,net_00886,net_00903,net_00958,net_00982,net_01057,net_01089",43
2M8sKxmx38GpJE2fK3WuLf44bHVZWfcRJeekJY22DQWT,"net_00037,net_00056,net_00064,net_00097,net_00101,net_00107,net_00133,net_00153,net_00161,net_00163,net_00164,net_00226,net_00277,net_00424,net_00459,net_00496,net_00514,net_00532,net_00569,net_00573,net_00598,net_00602,net_00639,net_00642,net_00646,net_00676,net_00691,net_00699,net_00709,net_00711,net_00730,net_00754,net_00825,net_00835,net_00856,net_00874,net_00886,net_00903,net_00958,net_00982,net_01057,net_01089",42
7Q4wdwBp11kQ1R1pryZ3ZTVqMtQJd9Egf2KZkMPqgPcN,"net_00037,net_00056,net_00064,net_00097,net_00101,net_00107,net_00133,net_00153,net_00161,net_00163,net_00164,net_00226,net_00277,net_00424,net_00459,net_00496,net_00514,net_00532,net_00569,net_00573,net_00598,net_00602,net_00639,net_00642,net_00646,net_00676,net_00691,net_00699,net_00709,net_00711,net_00730,net_00754,net_00825,net_00835,net_00856,net_00874,net_00886,net_00903,net_00958,net_00982,net_01057,net_01089",42
9dqNdAuU5wCPhLbtp9BnHZmDsPZDhedokiAXNtXM3ijt,"net_00037,net_00056,net_00064,net_00097,net_00101,net_00107,net_00133,net_00153,net_00161,net_00163,net_00164,net_00226,net_00277,net_00424,net_00459,net_00496,net_00514,net_00532,net_00569,net_00573,net_00598,net_00602,net_00639,net_00642,net_00646,net_00676,net_00691,net_00699,net_00709,net_00711,net_00730,net_00754,net_00825,net_00835,net_00856,net_00874,net_00886,net_00903,net_00958,net_00982,net_01057,net_01089",42
9s2u7ZHqQdsmLzgA7ynL4ftYqV6KLvyoRvQs3cGGhph7,"net_00037,net_00056,net_00064,net_00097,net_00101,net_00107,net_00133,net_00153,net_00161,net_00163,net_00164,net_00226,net_00277,net_00424,net_00459,net_00496,net_00514,net_00532,net_00569,net_00573,net_00598,net_00602,net_00639,net_00642,net_00646,net_00676,net_00691,net_00699,net_00709,net_00711,net_00730,net_00754,net_00825,net_00835,net_00856,net_00874,net_00886,net_00903,net_00958,net_00982,net_01057,net_01089",42
7kGAXsa7n1qN2FuNoJAGmzebmN9KqqLAHcwj7gvoekKk,"net_00037,net_00056,net_00064,net_00097,net_00101,net_00107,net_00133,net_00153,net_00161,net_00163,net_00164,net_00226,net_00277,net_00424,net_00459,net_00496,net_00514,net_00532,net_00569,net_00573,net_00598,net_00602,net_00639,net_00642,net_00646,net_00676,net_00691,net_00699,net_00709,net_00711,net_00730,net_00754,net_00825,net_00835,net_00856,net_00874,net_00886,net_00903,net_00958,net_00982,net_01057,net_01089",42
gangJEP5geDHjPVRhDS5dTF5e6GtRvtNogMEEVs91RV,"net_00042,net_00080,net_00089,net_00118,net_00119,net_00121,net_00137,net_00240,net_00243,net_00286,net_00297,net_00319,net_00332,net_00353,net_00395,net_00398,net_00402,net_00440,net_00443,net_00444,net_00445,net_00477,net_00544,net_00575,net_00578,net_00590,net_00614,net_00643,net_00742,net_00780,net_00790,net_00848,net_00871,net_00925,net_00930,net_00951,net_00983,net_00986,net_01077,net_01085,net_01091",41
5zwN9NQei4fctQ8AfEk67PVoH1jSCSYCpfYkeamkpznj,"net_00030,net_00066,net_00068,net_00069,net_00078,net_00142,net_00174,net_00207,net_00213,net_00261,net_00270,net_00293,net_00327,net_00337,net_00425,net_00462,net_00466,net_00526,net_00544,net_00568,net_00585,net_00589,net_00600,net_00609,net_00761,net_00787,net_00792,net_00796,net_00802,net_00822,net_00851,net_00878,net_00896,net_00909,net_00926,net_00939,net_00977,net_01075",38
BWuoN2e4qaxGyuVsSgSVnREutZjUsck2EXqSsdXgsN5m,"net_00030,net_00066,net_00068,net_00069,net_00078,net_00142,net_00174,net_00207,net_00213,net_00261,net_00270,net_00293,net_00327,net_00337,net_00425,net_00462,net_00466,net_00526,net_00544,net_00568,net_00585,net_00589,net_00600,net_00609,net_00761,net_00787,net_00792,net_00796,net_00802,net_00822,net_00851,net_00878,net_00896,net_00909,net_00926,net_00939,net_00977,net_01075",38
79xfRyRBc8UQoXz2CMTWutG2AsBfFdJWpWJHjcwq3FHA,"net_00054,net_00108,net_00109,net_00136,net_00172,net_00220,net_00233,net_00249,net_00253,net_00321,net_00328,net_00341,net_00350,net_00369,net_00423,net_00436,net_00501,net_00544,net_00550,net_00591,net_00595,net_00596,net_00603,net_00621,net_00683,net_00715,net_00722,net_00727,net_00770,net_00801,net_00847,net_00908,net_00927,net_00972,net_00988,net_01072",36
8HMhjJiJCqRxFYVMZVk7JmhjdCdWCcQCEC2XoXhWo7HT,"net_00030,net_00066,net_00068,net_00069,net_00078,net_00142,net_00174,net_00207,net_00261,net_00270,net_00293,net_00327,net_00337,net_00425,net_00462,net_00466,net_00526,net_00568,net_00585,net_00589,net_00600,net_00761,net_00787,net_00792,net_00796,net_00802,net_00822,net_00851,net_00878,net_00896,net_00909,net_00926,net_00939,net_00977,net_01075",35
3aBuN1DjeSJubuLfVfBzfwnR4X1AUAJZ6a81vUPNvca5,"net_00030,net_00066,net_00068,net_00069,net_00078,net_00142,net_00174,net_00207,net_00261,net_00270,net_00293,net_00327,net_00337,net_00425,net_00462,net_00466,net_00526,net_00568,net_00585,net_00589,net_00600,net_00761,net_00787,net_00792,net_00796,net_00802,net_00822,net_00851,net_00878,net_00896,net_00909,net_00926,net_00939,net_00977,net_01075",35
bwamJzztZsepfkteWRChggmXuiiCQvpLqPietdNfSXa,"net_00031,net_00057,net_00095,net_00157,net_00193,net_00210,net_00229,net_00271,net_00274,net_00285,net_00305,net_00330,net_00331,net_00377,net_00430,net_00482,net_00485,net_00507,net_00524,net_00544,net_00628,net_00700,net_00744,net_00747,net_00778,net_00831,net_00841,net_00850,net_00920,net_00955,net_00960,net_01053,net_01055,net_01082,net_01085",35
7ZL8SaB9zs8MCcbi6vHBqBRFP1m1TrzWpobMztZPz5RG,"net_00030,net_00066,net_00068,net_00069,net_00078,net_00142,net_00174,net_00207,net_00261,net_00270,net_00293,net_00327,net_00337,net_00425,net_00462,net_00466,net_00526,net_00568,net_00585,net_00589,net_00600,net_00761,net_00787,net_00792,net_00796,net_00802,net_00822,net_00851,net_00878,net_00896,net_00909,net_00926,net_00939,net_00977,net_01075",35
E5J5xBzRfffiihnfpx2x8dAd2d5cyTNaKFyfYAyb23X7,"net_00030,net_00066,net_00068,net_00069,net_00078,net_00142,net_00174,net_00207,net_00261,net_00270,net_00293,net_00327,net_00337,net_00425,net_00462,net_00466,net_00526,net_00568,net_00585,net_00589,net_00600,net_00761,net_00787,net_00792,net_00796,net_00802,net_00822,net_00851,net_00878,net_00896,net_00909,net_00926,net_00939,net_00977,net_01075",35
3TKfTx1VfDLYJ9PURmAcq7dnHFtvvpdzE1yiTX3DbGyK,"net_00024,net_00026,net_00032,net_00038,net_00041,net_00061,net_00105,net_00139,net_00191,net_00222,net_00246,net_00273,net_00282,net_00303,net_00322,net_00368,net_00370,net_00371,net_00422,net_00484,net_00487,net_00654,net_00671,net_00681,net_00724,net_00729,net_00759,net_00784,net_00861,net_00880,net_00885,net_00897,net_00940",33
HB67LALaT48NskkaPd4XsRW33DBfrSgAf56W1MUEDDwg,"net_00024,net_00026,net_00032,net_00038,net_00041,net_00061,net_00105,net_00139,net_00191,net_00222,net_00246,net_00273,net_00282,net_00303,net_00322,net_00368,net_00370,net_00371,net_00422,net_00484,net_00487,net_00654,net_00671,net_00681,net_00724,net_00729,net_00759,net_00784,net_00861,net_00880,net_00885,net_00897,net_00940",33
FWNSn1DydPdqNWoo3uktzKd2RXXoXsrHCQHKxp9w59km,"net_00024,net_00026,net_00032,net_00038,net_00041,net_00061,net_00105,net_00139,net_00191,net_00222,net_00246,net_00273,net_00282,net_00303,net_00322,net_00368,net_00370,net_00371,net_00422,net_00484,net_00487,net_00654,net_00671,net_00681,net_00724,net_00729,net_00759,net_00784,net_00861,net_00880,net_00885,net_00897,net_00940",33
FrHdpmJFB2MQM549VntUc1yC2acf9yY97JJh9ccgDVPv,"net_00024,net_00026,net_00032,net_00038,net_00041,net_00061,net_00105,net_00139,net_00191,net_00222,net_00246,net_00273,net_00282,net_00303,net_00322,net_00368,net_00370,net_00371,net_00422,net_00484,net_00487,net_00654,net_00671,net_00681,net_00724,net_00729,net_00759,net_00784,net_00861,net_00880,net_00885,net_00897,net_00940",33
aofYn7GFRRpC2vT2pwd6UnBht32xkHZ7wcN9fsJgLLi,"net_00108,net_00109,net_00136,net_00220,net_00233,net_00249,net_00253,net_00321,net_00328,net_00341,net_00350,net_00369,net_00423,net_00436,net_00501,net_00544,net_00550,net_00595,net_00596,net_00603,net_00621,net_00683,net_00715,net_00722,net_00727,net_00770,net_00801,net_00847,net_00908,net_00927,net_01072",31
5kFFG1VvnbyAtMZr1XZivNaLLHp2q1GLvCFGoUWWDdfV,"net_00049,net_00074,net_00124,net_00127,net_00143,net_00159,net_00167,net_00168,net_00197,net_00260,net_00365,net_00375,net_00446,net_00451,net_00458,net_00471,net_00518,net_00571,net_00574,net_00577,net_00623,net_00670,net_00705,net_00710,net_00718,net_00736,net_00807,net_00819,net_00846",29
HecbERJv9CjqNPw1tV4A5JK6PWhN76YgzB9rcg6bhsxh,"net_00022,net_00039,net_00059,net_00062,net_00085,net_00106,net_00232,net_00251,net_00302,net_00340,net_00383,net_00419,net_00461,net_00469,net_00506,net_00508,net_00527,net_00544,net_00584,net_00632,net_00657,net_00662,net_00684,net_00707,net_00804,net_00963,net_00968",27
GTheBZRWMnCZJiSjKkB3LPV68TnQtKeB4gih5LXANpUA,"net_00183,net_00187,net_00194,net_00245,net_00248,net_00353,net_00356,net_00472,net_00489,net_00525,net_00534,net_00547,net_00647,net_00669,net_00674,net_00689,net_00789,net_00842,net_00922,net_00935,net_00948,net_00956,net_01065,net_01070,net_01078,net_01085",26
AjqoR2iTAdScR5GDtxTUaXHXHen813qnQLnL9Sj8r7fP,"net_00022,net_00039,net_00059,net_00062,net_00085,net_00106,net_00232,net_00251,net_00302,net_00340,net_00383,net_00419,net_00461,net_00469,net_00506,net_00508,net_00527,net_00584,net_00632,net_00657,net_00662,net_00684,net_00707,net_00804,net_00963,net_00968",26
5h6nhX97VZceKqX7CYEvN97CLkDJaXKiJ3suvbZqpRcB,"net_00005,net_00023,net_00201,net_00209,net_00287,net_00353,net_00428,net_00460,net_00472,net_00490,net_00516,net_00563,net_00570,net_00634,net_00679,net_00689,net_00731,net_00750,net_00776,net_00824,net_00827,net_00956,net_01059,net_01065,net_01085,net_01097",26
EFaQQTGywnD4CjQQvTugUiyVT4LV9G6MsWqiub8X6unN,"net_00147,net_00255,net_00317,net_00385,net_00405,net_00442,net_00486,net_00513,net_00588,net_00610,net_00636,net_00650,net_00688,net_00696,net_00703,net_00704,net_00728,net_00739,net_00800,net_00830,net_00841,net_00862,net_00981,net_00992,net_01085",25
EP4eybwbNifUHFxgTGPHVqLxupSfgWncmiiSCrEWMNE3,"net_00012,net_00075,net_00076,net_00086,net_00120,net_00250,net_00258,net_00268,net_00360,net_00400,net_00452,net_00548,net_00653,net_00659,net_00702,net_00764,net_00828,net_00863,net_00887,net_00913,net_00989,net_01047,net_01051,net_01056",24
3p9qX6ZXniESWxJ79BNFmFprKMaeKVGv7fdwHDVs4G8o,"net_00054,net_00071,net_00124,net_00127,net_00143,net_00167,net_00185,net_00197,net_00238,net_00334,net_00375,net_00451,net_00458,net_00471,net_00518,net_00574,net_00582,net_00670,net_00736,net_00752,net_00758,net_00846,net_00853",23
6xDpid1beBpmzaBKpd2L4Y44CJAo132cjc6xtzFCKnL1,"net_00027,net_00185,net_00245,net_00256,net_00376,net_00416,net_00421,net_00489,net_00515,net_00516,net_00567,net_00674,net_00728,net_00834,net_00879,net_00888,net_00917,net_00918,net_00932,net_00941,net_00948,net_00956,net_01069",23
d3m6v8Kia8HDpwDAbDad63pjmW4xSdsZeW9ZYrdJ72B,"net_00031,net_00057,net_00095,net_00157,net_00193,net_00210,net_00229,net_00271,net_00274,net_00285,net_00331,net_00377,net_00430,net_00507,net_00628,net_00700,net_00778,net_00850,net_00920,net_00960,net_01053,net_01055",22
Bdkexoscp8zezngnoTsULp9T4s2exgL6LUi1YjGd8CPh,"net_00031,net_00057,net_00095,net_00157,net_00193,net_00210,net_00229,net_00271,net_00274,net_00285,net_00331,net_00377,net_00430,net_00507,net_00628,net_00700,net_00778,net_00850,net_00920,net_00960,net_01053,net_01055",22
HQDGj8tcdftEUbLnZNpwC78s5YCWDs3LLSrvPdqui5TA,"net_00031,net_00057,net_00095,net_00157,net_00193,net_00210,net_00229,net_00271,net_00274,net_00285,net_00331,net_00377,net_00430,net_00507,net_00628,net_00700,net_00778,net_00850,net_00920,net_00960,net_01053,net_01055",22
hv5eK1fGuFdLADSo19cWvggBHb2Tw9yidsLmtpiUzLV,"net_00031,net_00057,net_00095,net_00157,net_00193,net_00210,net_00229,net_00271,net_00274,net_00285,net_00331,net_00377,net_00430,net_00507,net_00628,net_00700,net_00778,net_00850,net_00920,net_00960,net_01053,net_01055",22
h28VBbXEVKWk1MvTJiNQNhfwjBZRoW3SLx3WnAxNJnD,"net_00031,net_00057,net_00095,net_00157,net_00193,net_00210,net_00229,net_00271,net_00274,net_00285,net_00331,net_00377,net_00430,net_00507,net_00628,net_00700,net_00778,net_00850,net_00920,net_00960,net_01053,net_01055",22
HE6r2FSpQbMrw6jYNteCt6ZrrTgSLRjBMLZhPX3FW31z,"net_00031,net_00057,net_00095,net_00157,net_00193,net_00210,net_00229,net_00271,net_00274,net_00285,net_00331,net_00377,net_00430,net_00507,net_00628,net_00700,net_00778,net_00850,net_00920,net_00960,net_01053,net_01055",22
9zMQnigvbMTLABh9HojBr2dLxXy2qPDoqHAe7366VxCU,"net_00031,net_00057,net_00095,net_00157,net_00193,net_00210,net_00229,net_00271,net_00274,net_00285,net_00331,net_00377,net_00430,net_00507,net_00628,net_00700,net_00778,net_00850,net_00920,net_00960,net_01053,net_01055",22
FSsyww6zud8wb9boa15idBrSxvZWw6Le5qoRuQbEHUjP,"net_00031,net_00057,net_00095,net_00157,net_00193,net_00210,net_00229,net_00271,net_00274,net_00285,net_00331,net_00377,net_00430,net_00507,net_00628,net_00700,net_00778,net_00850,net_00920,net_00960,net_01053,net_01055",22
3MRDfmETzYdR1TNon3p4t7iDmpJHm1Mo41WPAcUs5Qtt,"net_00031,net_00057,net_00095,net_00157,net_00193,net_00210,net_00229,net_00271,net_00274,net_00285,net_00331,net_00377,net_00430,net_00507,net_00628,net_00700,net_00778,net_00850,net_00920,net_00960,net_01053,net_01055",22
866SrsMfwKsErATZDCLAPbxH3NuqjKn7zQ1xXMqixoz1,"net_00011,net_00096,net_00160,net_00235,net_00336,net_00385,net_00442,net_00443,net_00460,net_00478,net_00482,net_00502,net_00533,net_00544,net_00732,net_00745,net_00750,net_00752,net_00800,net_00839,net_00841,net_00970",22
7GhWwhaMgbKiRWxF93Bud6HnHMci6NCLTJyTxG8zFH51,"net_00033,net_00050,net_00147,net_00166,net_00513,net_00524,net_00558,net_00599,net_00631,net_00673,net_00688,net_00696,net_00744,net_00750,net_00752,net_00862,net_00971,net_00981,net_01062,net_01069",20
6ujZxnphRxTqveaQtLAQHFoWz16xhLWZbTijcgZN4fRp,"net_00185,net_00196,net_00245,net_00287,net_00320,net_00346,net_00353,net_00478,net_00516,net_00534,net_00544,net_00674,net_00689,net_00857,net_00882,net_00935,net_00941,net_00956,net_01065,net_01085",20
GpTXmkdvrTajqkzX1fBmC4BUjSboF9dHgfnqPqj8WAc4,"net_00015,net_00067,net_00122,net_00179,net_00219,net_00236,net_00313,net_00366,net_00382,net_00414,net_00500,net_00544,net_00633,net_00660,net_00795,net_00904,net_00980,net_00984,net_01091",19
5ZuV8eqkvzYFVEKbLvGBdexL2tFv7E5BCd2HZpjqbdg,"net_00004,net_00009,net_00071,net_00088,net_00116,net_00172,net_00187,net_00245,net_00280,net_00335,net_00373,net_00403,net_00516,net_00537,net_00557,net_00647,net_00674,net_00763,net_00956",19
5FqUo9aBjsp7QeeyN6Vi2ZmF2fjS4H5EU7wnAQwPy17z,"net_00067,net_00122,net_00185,net_00192,net_00195,net_00219,net_00248,net_00382,net_00392,net_00414,net_00500,net_00633,net_00647,net_00893,net_00945,net_00956,net_00980,net_00984,net_01085",19
GasFQE9fi8Zqc9HuEJ7U5W7vBpCY4zyNFGuqnKqtLQgW,"net_00148,net_00160,net_00185,net_00266,net_00343,net_00357,net_00361,net_00439,net_00460,net_00470,net_00635,net_00641,net_00698,net_00734,net_00744,net_00745,net_00788,net_00894",18
C4udGwTg6oqcrr8SmSLmkcXDbaFEcopsiaT21KUE4psU,"net_00087,net_00227,net_00289,net_00290,net_00336,net_00413,net_00438,net_00495,net_00502,net_00504,net_00544,net_00606,net_00611,net_00664,net_00827,net_00864,net_00987,net_00991",18
3r5e5JJKAFxhpXXfXrPTDxMYCmTNVndair9S56oRgcrB,"net_00076,net_00086,net_00250,net_00268,net_00360,net_00400,net_00452,net_00548,net_00653,net_00659,net_00702,net_00764,net_00828,net_00913,net_00989,net_01047,net_01056",17
EyY1DMZ6mGCx8BU7n3gPRW6DQnZWxGQC4CTJJLWPxarx,"net_00067,net_00122,net_00219,net_00237,net_00382,net_00414,net_00500,net_00516,net_00534,net_00544,net_00625,net_00633,net_00706,net_00980,net_00984,net_01085,net_01090",17
59r6t97Wu4YBqUbcdyMRTvxJiD7bkfmuEifWPptFbY4U,"net_00144,net_00185,net_00280,net_00367,net_00480,net_00544,net_00549,net_00565,net_00594,net_00647,net_00680,net_00750,net_00752,net_00799,net_00956,net_00976,net_01085",17
HfqckzgVY2L16qYd1W5m674jBFt5jLGNW7iksKFLMJaf,"net_00189,net_00248,net_00318,net_00346,net_00349,net_00516,net_00517,net_00592,net_00776,net_00839,net_00869,net_00956,net_00957,net_00969,net_00973,net_01067",16
5oH6HDw4JTRDSXouLeyJfarRDqDmPtmQ8ALW9E8j4eSP,"net_00049,net_00074,net_00159,net_00168,net_00260,net_00365,net_00446,net_00544,net_00571,net_00577,net_00623,net_00705,net_00710,net_00718,net_00807,net_00819",16
9sNi8cfQP1rNNbck86UuSeB7PCinKuuhzBqC6RpGpLWM,"net_00049,net_00074,net_00159,net_00168,net_00260,net_00365,net_00446,net_00571,net_00577,net_00623,net_00705,net_00710,net_00718,net_00807,net_00819",15
GpbDvsGf2F6X7cocuGw3Ar6HAUyPexfUQuMwkV5sp34Y,"net_00124,net_00127,net_00143,net_00167,net_00197,net_00375,net_00451,net_00458,net_00471,net_00516,net_00518,net_00574,net_00670,net_00736,net_00846",15
CyYiyCE2YvN9kZL9o64y8oB9a68yk2t6N3X1iPnibqJX,"net_00124,net_00127,net_00143,net_00167,net_00197,net_00375,net_00451,net_00458,net_00471,net_00518,net_00544,net_00574,net_00670,net_00736,net_00846",15
5DDEaV8fD1d5Ygn7P2Naq1WzWJAULa5TX2GBJxicZM9g,"net_00055,net_00104,net_00128,net_00301,net_00309,net_00429,net_00437,net_00472,net_00515,net_00544,net_00647,net_00790,net_00872,net_00907,net_01064",15
DuGezKLZp8UL2aQMHthoUibEC7WSbpNiKFJLTtK1QHjx,"net_00005,net_00073,net_00280,net_00467,net_00516,net_00544,net_00553,net_00567,net_00737,net_00832,net_00889,net_00929,net_00979,net_01048,net_01084",15
3XeZQFJgDJDtgJvzQnLi8oNrPgVcPYFt8LRC922VfAbW,"net_00124,net_00127,net_00143,net_00167,net_00197,net_00375,net_00451,net_00458,net_00471,net_00518,net_00574,net_00670,net_00736,net_00846,net_00883",15
6nWeJLsZavBgj2CpPFkYf9jeAnoVTJctS8tUKmHTt7pY,"net_00049,net_00074,net_00159,net_00168,net_00260,net_00365,net_00446,net_00571,net_00577,net_00623,net_00705,net_00710,net_00718,net_00807,net_00819",15
G5YGWgWskXLadwWr6DG1cHDoeifiVFFqP7shXMCNgCsc,"net_00049,net_00074,net_00159,net_00168,net_00260,net_00365,net_00446,net_00571,net_00577,net_00623,net_00705,net_00710,net_00718,net_00807,net_00819",15
3tj7vjdg7Ujb86y1bdSPY3dFYHz4gaPszBD8mSRqdMRD,"net_00135,net_00185,net_00352,net_00434,net_00457,net_00476,net_00516,net_00587,net_00592,net_00647,net_00674,net_00762,net_00806,net_00956,net_01071",15
89DYfYAzMbaLKrPmLCkHi24AqHMi2nVwMZE1SuSB4s9b,"net_00049,net_00074,net_00159,net_00168,net_00260,net_00365,net_00446,net_00571,net_00577,net_00623,net_00705,net_00710,net_00718,net_00807,net_00819",15
ex2zECnkpvjkpo8MiyNtPywrGTD3hBfAefNk4s9gc5S,"net_00049,net_00074,net_00159,net_00168,net_00260,net_00365,net_00446,net_00571,net_00577,net_00623,net_00705,net_00710,net_00718,net_00807,net_00819",15
7JZXALfy5FNrSM4y7UBGc8RbDgoMYSHj4KKQZnamWfHP,"net_00154,net_00162,net_00209,net_00257,net_00308,net_00353,net_00489,net_00516,net_00520,net_00669,net_00679,net_00882,net_00915,net_01067,net_01085",15
7PF4u6VUj8LajZ2QkzjsfRyaf3hjSKvCV93y3kgDw3ZN,"net_00049,net_00074,net_00159,net_00168,net_00260,net_00365,net_00446,net_00571,net_00577,net_00623,net_00705,net_00710,net_00718,net_00807,net_00819",15
EfCUvxMmRJNaMxCwwQxQM4kyKS8x7u1BXcnRuRUJrKry,"net_00049,net_00074,net_00159,net_00168,net_00260,net_00365,net_00446,net_00571,net_00577,net_00623,net_00705,net_00710,net_00718,net_00807,net_00819",15
GEES9VHAsvTrLSoSSRopvWZ2WyVyAyXetcPSsW8TiAKh,"net_00049,net_00074,net_00159,net_00168,net_00260,net_00365,net_00446,net_00571,net_00577,net_00623,net_00705,net_00710,net_00718,net_00807,net_00819",15
9EKFXsKdaEeNR9ALGEwkZDyFrRj4kemJJLXMrVgPep2q,"net_00049,net_00074,net_00159,net_00168,net_00260,net_00365,net_00446,net_00571,net_00577,net_00623,net_00705,net_00710,net_00718,net_00807,net_00819",15
4r7sFFdVSRWTow6Zwn5HySsc5TDfDd6vj4hFMhkznPtX,"net_00049,net_00074,net_00159,net_00168,net_00260,net_00365,net_00446,net_00571,net_00577,net_00623,net_00705,net_00710,net_00718,net_00807,net_00819",15
4iPQaPgzigVyw3XxvtjfsyndYzcdXhC1bfAiGMnL3DJg,"net_00124,net_00127,net_00143,net_00167,net_00197,net_00375,net_00451,net_00458,net_00471,net_00518,net_00574,net_00670,net_00736,net_00846",14
W7yA3E9f13HWLrZYqoVvebBb1EKzPC22gkiApHbVEkQ,"net_00124,net_00127,net_00143,net_00167,net_00197,net_00375,net_00451,net_00458,net_00471,net_00518,net_00574,net_00670,net_00736,net_00846",14
arcKXw6BQaVymfPq9DGiq8E3zXgrTFjQSyX8wpBD2Xr,"net_00124,net_00127,net_00143,net_00167,net_00197,net_00375,net_00451,net_00458,net_00471,net_00518,net_00574,net_00670,net_00736,net_00846",14
ARhhBLMxwKdTdiCu89f8ZS8QnTEYFF3cr8RBSbdiAAfz,"net_00124,net_00127,net_00143,net_00167,net_00197,net_00375,net_00451,net_00458,net_00471,net_00518,net_00574,net_00670,net_00736,net_00846",14
3AWgDscuEMx9vrGToHh9cR9b2K3Jsqw6L8c6wtSKXUMd,"net_00124,net_00127,net_00143,net_00167,net_00197,net_00375,net_00451,net_00458,net_00471,net_00518,net_00574,net_00670,net_00736,net_00846",14
FcR9AuJdWRfazgwi1Csej5ANZC6RWYuvwyrrRwxkqpBp,"net_00124,net_00127,net_00143,net_00167,net_00197,net_00375,net_00451,net_00458,net_00471,net_00518,net_00574,net_00670,net_00736,net_00846",14
7vfw9xFLE48fgH2vw7UEQux7j3o2gyQCF6kvKN3v439J,"net_00124,net_00127,net_00143,net_00167,net_00197,net_00375,net_00451,net_00458,net_00471,net_00518,net_00574,net_00670,net_00736,net_00846",14
5zCkbcD74hFPeBHwYdwJLJAoLVgHX45AFeR7RzC8vFiD,"net_00128,net_00244,net_00267,net_00318,net_00410,net_00437,net_00495,net_00549,net_00593,net_00752,net_00767,net_00815,net_01064,net_01085",14
H41TE7EbiyqRgcrpkvmQMdgHFAkZz2em5B1SresTTEcx,"net_00124,net_00127,net_00143,net_00167,net_00197,net_00375,net_00451,net_00458,net_00471,net_00518,net_00574,net_00670,net_00736,net_00846",14
8TBVsDjtu2UyxE3fB7kFBbqbLDyXrgxV3ezvcXCerb4v,"net_00124,net_00127,net_00143,net_00167,net_00197,net_00375,net_00451,net_00458,net_00471,net_00518,net_00574,net_00670,net_00736,net_00846",14
FvGkRDZNPkrtQt2FzwRko8KJc5DufjDVXxNhgyBLLhFR,"net_00124,net_00127,net_00143,net_00167,net_00197,net_00375,net_00451,net_00458,net_00471,net_00518,net_00574,net_00670,net_00736,net_00846",14
LmczgMyMde4fQ71R5SdFnR6KJLwBQGhdwf63agjHVng,"net_00124,net_00127,net_00143,net_00167,net_00197,net_00375,net_00451,net_00458,net_00471,net_00518,net_00574,net_00670,net_00736,net_00846",14
Hc5ejd2iqzZw5S6sEEoi5Q2DHVc1RBYptW91JE8TWEKZ,"net_00124,net_00127,net_00143,net_00167,net_00197,net_00375,net_00451,net_00458,net_00471,net_00518,net_00574,net_00670,net_00736,net_00846",14
FECZmZf6bZSieRDFaSsUruomZbjWrJ91D7jfdyzRFcwy,"net_00124,net_00127,net_00143,net_00167,net_00197,net_00375,net_00451,net_00458,net_00471,net_00518,net_00574,net_00670,net_00736,net_00846",14
EXjFcSrfkpqV5nZgPTQ7Qajio6KssHzuXAvejR54dsUt,"net_00124,net_00127,net_00143,net_00167,net_00197,net_00375,net_00451,net_00458,net_00471,net_00518,net_00574,net_00670,net_00736,net_00846",14
4ZyTQSAjcSETK2937ukuBmtThkbhZfd4sqN5yBbdrsDx,"net_00124,net_00127,net_00143,net_00167,net_00197,net_00375,net_00451,net_00458,net_00471,net_00518,net_00574,net_00670,net_00736,net_00846",14
3RkDGFWnVqX2fUccqY7N3x8tZpmTt5iSWSxcp2xfqYf8,"net_00124,net_00127,net_00143,net_00167,net_00197,net_00375,net_00451,net_00458,net_00471,net_00518,net_00574,net_00670,net_00736,net_00846",14
9iUszMihxPhzxzDPNNcwBMnCbqW28cGLwGj7FQ1W89rv,"net_00124,net_00127,net_00143,net_00167,net_00197,net_00375,net_00451,net_00458,net_00471,net_00518,net_00574,net_00670,net_00736,net_00846",14
8XzQndaEgRqAz6fCQEeigwPDBcEhK2Gt25GzKPktKTkB,"net_00124,net_00127,net_00143,net_00167,net_00197,net_00375,net_00451,net_00458,net_00471,net_00518,net_00574,net_00670,net_00736,net_00846",14
3fqmoiR6TgwPduZcPkRZn7QwXAPVVqs4YMnPfNotaMq2,"net_00124,net_00127,net_00143,net_00167,net_00197,net_00375,net_00451,net_00458,net_00471,net_00518,net_00574,net_00670,net_00736,net_00846",14
Eg1educsVfCCkMmPL3tdYtcb2tMomc8LwfUreUSuFpfv,"net_00124,net_00127,net_00143,net_00167,net_00197,net_00375,net_00451,net_00458,net_00471,net_00518,net_00574,net_00670,net_00736,net_00846",14
13yLRffreBZn483Wbkfec5MratYXWjQ9DyGTvA2VHPy4,"net_00124,net_00127,net_00143,net_00167,net_00197,net_00375,net_00451,net_00458,net_00471,net_00518,net_00574,net_00670,net_00736,net_00846",14
EmgQUbAcERL1jLhSf9ydLMMDbVCSULn2N9tMSVLqrqzC,"net_00124,net_00127,net_00143,net_00167,net_00197,net_00375,net_00451,net_00458,net_00471,net_00518,net_00574,net_00670,net_00736,net_00846",14
EDdR1QgQXrGpocNPRH9LPKg9iRzLBj3SHsS7mMW5b7sw,"net_00124,net_00127,net_00143,net_00167,net_00197,net_00375,net_00451,net_00458,net_00471,net_00518,net_00574,net_00670,net_00736,net_00846",14
E11hGW7MZ8eBdyCNNeog3NPHmJxsknrGuctJ6Q4nrmTu,"net_00124,net_00127,net_00143,net_00167,net_00197,net_00375,net_00451,net_00458,net_00471,net_00518,net_00574,net_00670,net_00736,net_00846",14
3BJpPHQqS5vkpdnuHZoejW8tN7ThYqtkKpC5DxwyAxFW,"net_00124,net_00127,net_00143,net_00167,net_00197,net_00375,net_00451,net_00458,net_00471,net_00518,net_00574,net_00670,net_00736,net_00846",14
GJ9v2dE2ZUBE4TTegoaHAEcL44RmGfa4UbufyroYrRLS,"net_00124,net_00127,net_00143,net_00167,net_00197,net_00375,net_00451,net_00458,net_00471,net_00518,net_00574,net_00670,net_00736,net_00846",14
BJ7HCGXwoKdZSX83vYSYfMXUi2cA7w1ctPDEoSnnz2Vf,"net_00124,net_00127,net_00143,net_00167,net_00197,net_00375,net_00451,net_00458,net_00471,net_00518,net_00574,net_00670,net_00736,net_00846",14
EEzBAQG4TKEGpiRs5wpLZSm8oAjgSYguxMs2NpNv3P9G,"net_00124,net_00127,net_00143,net_00167,net_00197,net_00375,net_00451,net_00458,net_00471,net_00518,net_00574,net_00670,net_00736,net_00846",14
HAvwSDsKVFeHhuqxKdVzVvMgQQCrZjbB1BfETUT3AuvP,"net_00124,net_00127,net_00143,net_00167,net_00197,net_00375,net_00451,net_00458,net_00471,net_00518,net_00574,net_00670,net_00736,net_00846",14
FpDXDj4FycmBTfdnoxGWTf3jeTAu1VeEjmEZj8muB1TZ,"net_00124,net_00127,net_00143,net_00167,net_00197,net_00375,net_00451,net_00458,net_00471,net_00518,net_00574,net_00670,net_00736,net_00846",14
3HPv4PorfkvqNkyrcLg7JLQsay6BgQpcuLo2XHqJMK9g,"net_00124,net_00127,net_00143,net_00167,net_00197,net_00375,net_00451,net_00458,net_00471,net_00518,net_00574,net_00670,net_00736,net_00846",14
D1DhSivDh6nuS3ecXN3ddx38vBxxBbj35Ak98gwHoGnR,"net_00183,net_00186,net_00441,net_00516,net_00544,net_00562,net_00674,net_00704,net_00721,net_00969,net_00988,net_01067,net_01085",13
4UcETfQsjwmUypYvp92BCsZunaW2k9y4J38yCVvjAa2D,"net_00005,net_00025,net_00363,net_00391,net_00473,net_00516,net_00534,net_00563,net_00673,net_00721,net_00956,net_01062,net_01085",13
FmNYjPAuak5zG9oVTdDRrh3YSetY1HzcwYY8trje6E7R,"net_00054,net_00185,net_00228,net_00334,net_00346,net_00490,net_00516,net_00853,net_00956,net_00988,net_01076,net_01085,net_01092",13
5WMNaQNgUvaNWb6BzvxPukZB3q8UiduTwu3yzUo9cQX3,"net_00005,net_00014,net_00023,net_00228,net_00516,net_00534,net_00544,net_00570,net_00579,net_00591,net_00674,net_00956,net_01085",13
HiSo5kykqDPs3EG14Fk9QY4B5RvkuEs8oJTiqPX3EDAn,"net_00099,net_00149,net_00176,net_00294,net_00374,net_00474,net_00544,net_00658,net_00766,net_00818,net_00931,net_00936,net_00961",13
9VXuNqqqzniYYW3fRDeaCtUUtqWsEeWWn5umh3aF9h17,"net_00006,net_00123,net_00181,net_00355,net_00467,net_00544,net_00553,net_00591,net_00720,net_00737,net_00953,net_00956,net_01092",13
5jzGvkv64wodTrTqzHmPTDJC1EqvvvAvh3EZAnxMsLoy,"net_00087,net_00227,net_00289,net_00413,net_00438,net_00504,net_00606,net_00611,net_00664,net_00864,net_00987,net_00991",12
52oeqXUemSPRkESRCgoNvnmJpYhbWtY3uVieeVq6v3EM,"net_00114,net_00257,net_00448,net_00564,net_00570,net_00592,net_00679,net_00834,net_00882,net_00935,net_00941,net_01064",12
6fb99QjauGt9zrJLZrfeofyLyjVzyS4nAvx9pZ76cTUd,"net_00067,net_00079,net_00098,net_00294,net_00373,net_00394,net_00516,net_00544,net_00565,net_00841,net_00992,net_01085",12
5JzNqkcx5ESQSDWNDZ3MvxBE9Ps7KRm92srcHRzR8vGN,"net_00055,net_00104,net_00424,net_00429,net_00453,net_00482,net_00776,net_00841,net_00872,net_00907,net_00918,net_00956",12
Dwo2kj88YYhwcFJiybTjXezR9a6QjkMASz5xXD7kujXC,"net_00067,net_00122,net_00141,net_00219,net_00382,net_00414,net_00500,net_00517,net_00544,net_00633,net_00980,net_00984",12
EM2C5hJ1CubYKhikyCR2JiBrLiaWPpZUoXANPZ3PsBsD,"net_00258,net_00353,net_00405,net_00443,net_00502,net_00522,net_00581,net_00647,net_00973,net_01082,net_01085",11
5aea1pYqYRTmAr4JNg9q3RNqWEGuxQMNadzt4oWAv7kh,"net_00051,net_00217,net_00391,net_00393,net_00486,net_00562,net_00580,net_00610,net_00650,net_00805,net_00876",11
CTjV5CfCzRYnxtGEDmguEwjwAz95QpRDbvWhCkaBYCvL,"net_00060,net_00123,net_00185,net_00354,net_00442,net_00544,net_00698,net_00811,net_00879,net_00890,net_01090",11
BuZPzsSYZa6VQU3HK9j2x3V9aVR7fj3SzVQDnAsuPnQ4,"net_00123,net_00272,net_00281,net_00386,net_00396,net_00544,net_00556,net_00656,net_00751,net_00975,net_00993",11
G7NvZKjoVqBDWciSYtWWgUPB7DA1iJavdvH5jty2FAmM,"net_00067,net_00122,net_00219,net_00382,net_00414,net_00500,net_00544,net_00633,net_00980,net_00984",10
FgifQEkRkSSXZjf2cJ4c55BhVts2yrNKzmzBLLyicg8b,"net_00050,net_00064,net_00098,net_00166,net_00544,net_00558,net_00616,net_00631,net_00856,net_01085",10
3vDNo8jDPaG6q89k2A55wN7vGSSij1VDuo4E3ebezrTX,"net_00196,net_00201,net_00320,net_00547,net_00570,net_00647,net_00674,net_00879,net_00882,net_00956",10
4cXnf2z85UiZ5cyKsPMEULq1yufAtpkatmX4j4DBZqj2,"net_00067,net_00122,net_00219,net_00382,net_00414,net_00500,net_00633,net_00980,net_00984,net_00985",10
3o4EhamPgkoSUhSc2JAWfGL1NC3mWuhfboap4Bq93SVc,"net_00435,net_00474,net_00502,net_00698,net_00739,net_00745,net_00800,net_00832,net_00929,net_00969",10
4isPmqGiTP4fYxrdxsd4EawtQJzmRKaqxPHFNjRzvfGN,"net_00114,net_00162,net_00448,net_00481,net_00485,net_00533,net_00534,net_00544,net_00616,net_00666",10
AxmFqz3pbhj6HDK9dC1u7LsYP3rbsTJyKkeCMSpAxrgU,"net_00014,net_00023,net_00025,net_00036,net_00332,net_00366,net_00516,net_00660,net_00740,net_01085",10
BvPfX8pa1NW9ttx8KZmEfQX1cyuJbzDKXQDb1mtXh3Va,"net_00235,net_00338,net_00476,net_00704,net_00728,net_00739,net_00744,net_00842,net_01071",9
2bRoascfGCKkRnyZLmzJh7cKpiD45zyEzUmg9XPZzueC,"net_00060,net_00453,net_00496,net_00582,net_00598,net_00749,net_00872,net_01085,net_01097",9
Fh6dFXof133DWm6cbTb1oFM5rUJ6CYBHGf1FBcHRBJ2P,"net_00005,net_00096,net_00171,net_00279,net_00394,net_00534,net_00725,net_00841,net_01085",9
ALf2aMeSymsRuqeVuLoUfnkMQNhXRRh5Nkun4QBT4a9M,"net_00027,net_00051,net_00185,net_00356,net_00460,net_00579,net_00624,net_00956,net_01085",9
At9Lxx6MgJxGzj33RHn57LaSkC7incZ6XpaN3BiMC2k,"net_00189,net_00290,net_00301,net_00318,net_00352,net_00592,net_00647,net_00941,net_00956",9
123157i3TZqhrbUFPY8pkexuHtCjH3TnuSuugxdabb3P,"net_00067,net_00122,net_00219,net_00382,net_00414,net_00500,net_00633,net_00980,net_00984",9
GZfQANCxcyWFL5zWMNju5qMao2mu4WEmqwsUDdLD1qz9,"net_00067,net_00122,net_00219,net_00382,net_00414,net_00500,net_00633,net_00980,net_00984",9
EECMpB9K1PFfsspLRwoiB6HfT4PjSeYD1ah6HUtDrgvC,"net_00067,net_00122,net_00219,net_00382,net_00414,net_00500,net_00633,net_00980,net_00984",9
7Wxbnq5Ke4ZU2USdge56ui3owEXgTv5T3hzBssiCqxPN,"net_00308,net_00318,net_00373,net_00516,net_00556,net_00610,net_00666,net_00751,net_00830",9
95G8BkSEDU4GxNMR35UDukVgrpNEi9myJWscgqg99NWM,"net_00067,net_00122,net_00219,net_00382,net_00414,net_00500,net_00633,net_00980,net_00984",9
4iGA6w5xgqXuCvWt9davYjdE12esMxETBxHhdT4pRpaS,"net_00067,net_00122,net_00219,net_00382,net_00414,net_00500,net_00633,net_00980,net_00984",9
37JcicoNvYFbbAZd83iEMVSs7gHLbxkRwiRrj3JoaSZy,"net_00067,net_00122,net_00219,net_00382,net_00414,net_00500,net_00633,net_00980,net_00984",9
493fWZn7g1Yb8GVfUA6EyUNnmbfTCPavL7EpTabm4hpt,"net_00516,net_00522,net_00533,net_00634,net_00798,net_00922,net_00941,net_00956,net_01085",9
J8pEAJ8BMnNmYg2Wn2835FRpeJvtgJnHP1yCESKQ1GYr,"net_00067,net_00122,net_00219,net_00382,net_00414,net_00500,net_00633,net_00980,net_00984",9
CwMZZcQCQakY2oQz9NKw19UpP7LSK6NEEWPJ1vRRay4h,"net_00067,net_00122,net_00219,net_00382,net_00414,net_00500,net_00633,net_00980,net_00984",9
66LakKaUKujubFnr1WdWE1LSRHaVD3G9j5bPVpJsQ7io,"net_00067,net_00122,net_00219,net_00382,net_00414,net_00500,net_00633,net_00980,net_00984",9
3zfxKctiMfhSXgrKhUH5NChC9hzRfkncKdbuZzubJFGS,"net_00263,net_00418,net_00546,net_00552,net_00682,net_00833,net_00946,net_00949",8
Dq3fi8ZmBhkrwHFBChLk2pqV8iAGW9uuJP7coshGzqT6,"net_00033,net_00279,net_00387,net_00473,net_00544,net_00795,net_00967,net_01085",8
D8XJF3tCB4UngsS8sV2nyfBmEx6KKCkym57Lx7Y2ZTXH,"net_00263,net_00418,net_00546,net_00552,net_00682,net_00833,net_00946,net_00949",8
B4JXfczBjeSeSHdNCyJjcy6cnEhveLbvfhdKwwWEUSKy,"net_00079,net_00098,net_00166,net_00294,net_00367,net_00544,net_00558,net_00631",8
87XxAps1WzKuDVaAmTJSCbdhjhyBzn7pd1cwCsbADr73,"net_00005,net_00412,net_00516,net_00525,net_00717,net_00841,net_00956,net_01085",8
8uyoL9irpdFLyTsWVhUXdA7q6W5UF4zNW77T2WM2VRde,"net_00263,net_00418,net_00546,net_00552,net_00682,net_00833,net_00949",7
J8GzkHKox6iS7D7Mvbk3RRoSrbhzfTgBg8nWNcjg4fUs,"net_00185,net_00245,net_00516,net_00544,net_00706,net_00917,net_00982",7
BMa2zbNYff9YGrXAwoKoRDvd5XmcFw4Dno3Ktbuab2VB,"net_00013,net_00178,net_00202,net_00409,net_00411,net_00608,net_00675",7
5TcyQLh8ojBf81DKeRC4vocTbNKJpJCsR9Kei16kLqDM,"net_00349,net_00435,net_00544,net_00588,net_00636,net_01082",6
611T8vnXmJiNCTAeVysDn8Tpnb3VaWvQZ7N4S7ZBUxtm,"net_00264,net_00333,net_00498,net_00572,net_00756,net_00852",6
HyYNVYmnFmi87NsQqWzLJhUTPBKQUfgfhdbBa554nMFF,"net_00335,net_00403,net_00516,net_00679,net_00806,net_00972",6
9dqU775VmXvFmhcHM2qGmfgaVPF4VhU4vE5LRWsaZhCj,"net_00005,net_00280,net_00410,net_00674,net_00941,net_00956",6
BQWvgzHGYirg7TxaTCFZjJGYiTAmsEzaBwvn17d3qbUq,"net_00264,net_00333,net_00498,net_00572,net_00756,net_00852",6
4n6XhGZV4itbUwg6yU7xWTqmtH3mzAuQBBD7KK8LFn5s,"net_00099,net_00338,net_00474,net_00544,net_00809,net_01095",6
HRV512AYkkxhHpcERBN2x8Xf2mGksPFavwfAr22XSrGb,"net_00200,net_00280,net_00516,net_00544,net_00588,net_00636",6
ALJ4P5QNyHeLEjpKGmA1eUfJHSEGQMjY8HLnDkSgjczb,"net_00182,net_00288,net_00426,net_00544,net_00755,net_00771",6
Dm2U8z5f9FWd1JUmDijCMPkP96URAeBEX17oo5Udrd64,"net_00182,net_00288,net_00426,net_00544,net_00755,net_00771",6
5VpFiZ7YjoeGswCBAApX9QksfN5iD2tS9tHCEwqqfa7d,"net_00017,net_00502,net_00680,net_00701,net_00800,net_00839",6
HdKJM6Lvfp9aV9tvEMC8AD4GnsbFgMUkHLoK923Sn1ET,"net_00015,net_00141,net_00237,net_00238,net_00393,net_01085",6
6PjmZ6PUEY5kTkZt7Pjx4i6yGRTERiUyFqAaH9NZFLmB,"net_00067,net_00185,net_00534,net_00544,net_00740,net_00876",6
AMRsSeU5JpqwQWJGNLMpZzRCZSFEwYQYbMnms3dD4311,"net_00015,net_00200,net_00248,net_00318,net_00703",5
GwpcTgEagp7gjmdVs4jumvaHhDzrr9QdYVVYvzb6AZT,"net_00073,net_00258,net_00653,net_00874,net_00914",5
FaBGrHWjcJ8vKnbgUtsdpZjvF7YAAajtQTWmmEHiKtQr,"net_00353,net_00412,net_00544,net_00731,net_01059",5
8HeDT75s5g4CtCimH5B5nySqCiQhtWii8UnZhxBtFo38,"net_00223,net_00338,net_00502,net_00698,net_00969",5
Dzp1SrZ474xwGp6ZEP6cNKo39u9zeXe1YAuTkyZyv3t4,"net_00502,net_00566,net_00704,net_00728,net_00739",5
ELcnvdHEWTrLa4fnenGuzwwXCsb4cEznaKTGgda3SKNx,"net_00544,net_00701,net_00732,net_01086,net_01087",5
6uQRjAz7nr1LfaTZPPtR3etzBme9ppW8itPB8bESQuW3,"net_00502,net_00581,net_00694,net_01067",4
Aqje5DsN4u2PHmQxGF9PKfpsDGwQRCBhWeLKHCFhSMXk,"net_00387,net_00580,net_00799,net_00805",4
7ThvPtPijDcvuTN5EzQ1hipQWXSGzMtdHVboiNEHKFU7,"net_00516,net_00534,net_00800,net_00967",4
HjQjWKyv6gR9RiRE1a6rfBhKiaEMe5LvBz97qmdEJBbu,"net_00516,net_00533,net_00932,net_01069",4
8ZN71XTdVo8yRovnGLmNgW3Tgniw6A4J3JGLvPD686FP,"net_00281,net_00502,net_00544,net_00582",4
CyaE1VxvBrahnPWkqm5VsdCvyS2QmNht2UFrKJHga54o,"net_00067,net_00516,net_00544,net_00667",4
CYdN7H7m1msCN55hfQrvesULAeSDftmVTPt6mYcZSQGi,"net_00516,net_00544,net_00931,net_01085",4
862TYSvRYoiHAK3F3WwTRYAfuGiQaGdxedN9AGvRGWo2,"net_00526,net_00544,net_00783,net_01090",4
58Hx4stSpAVZKa1371wGumXMnp2n3tvZWxvicEMK4rSv,"net_00883,net_01082,net_01086,net_01087",4
39MjnPdBEdG5pPYYvjif3BsApB7SyHuu2bzEU5JZEtYM,"net_00544,net_00697,net_00943,net_01087",4
E3ByvZD36sPVQQVDEGZ4uS5pFh6FzLCQc7YZLmWM5pnN,"net_00256,net_00354,net_00544,net_00890",4
J6TDXvarvpBdPXTaTU8eJbtso1PUCYKGkVtMKUUY8iEa,"net_00006,net_00355,net_00567,net_00720",4
HBCexYNUYwTcS6HehkZMakZFjK8ZgpjboUKQcpbWTRYv,"net_00480,net_00594,net_00976",3
AuPp4YTMTyqxYXQnHc5KUc6pUuCSsHQpBJhgnD45yqrf,"net_00258,net_00544,net_01051",3
CVkfM75doCa24VgxjZbWsqAg2FmfNvQru8BmazM5dpbv,"net_00544,net_00679,net_01082",3
5Y1AwssGRcdwRuoD3KvCdZzJy7ugydtN9ezukCjebDzm,"net_00155,net_00258,net_01051",3
DN2KNBZsRGSs6kcfxrSyR7Ri9eVmB6bCtx3nAvC8ueBw,"net_00938,net_01064,net_01085",3
AfYBuQne2568B2uk8LBE9CPnd6HdtnYbMweVmaoYZ2CW,"net_00264,net_00852",2
8y83ZUQH8gsbYa9qEyYF6Wdqw3so7L9ThsWREuCVXWTr,"net_00544,net_00915",2
4jNmRRuC1dHw7GNFRy4Y8TTAxahspvRD5YJjHD7ddcoa,"net_00544,net_01094",2
9gFA7cjcwiz9fNwCDMrjRjbQgMacUpcsTLBifAfGpcur,"net_00194,net_00544",2
Bvu4jKQxxwPTtivcEZp7d6WrtQ4HyLQwFnJR1V2fnhZ9,"net_00516,net_01069",2
FAicXNV5FVqtfbpn4Zccs71XcfGeyxBSGbqLDyDJZjke,"net_00544,net_00811",2
DLQC7ts2HsWnvDwUxVerYLiwudDzK8mYsKNBGAptXi6E,"net_00444,net_00930",2
8ZfZWC9UMQB8Tk2Vn93CVijSQHrPUiPzwiirqr6pxve3,"net_00979,net_01048",2
2JptG7VJTuohCNrEE2iVT43UtjTNqRTVMsgNs8xeotbC,"net_00544,net_01094",2
951wq3qDowjKHaycrNaiRB5WpovYVKXnqhnrcKPh46zt,"net_00258,net_00544",2
8v1CA3WsQxQi23hzm5kVLFURCvyy1hSUoSHhwxTKFTma,net_00544,1
9vqXe6ibRd7wwqXycqTbQaiPgkFeQXCKmsnLvNhuBeZG,net_00544,1
EHEmFDd6o189sDUZSCe3MwXdwun41TwK7SxQQsDrNDf8,net_00544,1
HNTgbXuQnaUz74pXufpkD5X8CMrshzj2JR8P8XHWNfC1,net_00544,1
HYSq1KBAvqWpEv1pCbV31muKM1za5A1WSHGdiVLUoNhb,net_00544,1
CATk62cYqDFXTh3rsRbS1ibCyzBeovc2KXpXEaxEg3nB,net_00544,1
DxQ1iNidsGap2kr14VdEzA8NheqXabfh6fRkvZQbnZVY,net_00544,1
96jwtxkJNDkBg9QbpabjTZb28PmSaUbxLZfNf16ff91,net_00544,1
4pV6WXBJVrX7nQAS612MqNYrC4mu9DCzfMexP3S4WLCr,net_00544,1
DwWuSoFa1gtNPbDxMRpDnQy7KnaLqBqDA9cHqM3TnsLw,net_00544,1
6TqxVRULTkfnR88yzgevSMwCW7BQZys8D4Rfd4fwQ1jE,net_00544,1
BpX7Gz1jYc1hSDh1gPN2DVqh4gCSFysgYayoeCdBxgYV,net_01094,1
HZio8jHNYHJ994x7cyr9T1o7eua6PnxSpwjm1g34eHZe,net_00544,1
8KTxLV4VcVKwHNUbRYKfbMPanK1iPSJFHQnVqxYjt2eT,net_01085,1
GoHBfgLPaA8rQkgYM6YSBbwSA8foUXLprcTFXE4vnPxg,net_00971,1
9uozXAAPCpsfm6CweB4jcK2sPFCe4n1Wq2vPKF9tYJv4,net_00943,1
4CACkyfE7TDHFLRevxc4uTyE6xbmZYxCWAvBcSFQCwfG,net_00544,1
6w8AaUt3zUoy9Skae7nHxLFoBDE1dQ7NpP9dzzj4TqDf,net_00889,1
9pLy3h8dpmkYRrg1WhSRtmuJfD6Rr5Z24nwezoVLGGbj,net_01051,1
A9ZfUmMu9K3cgS36q5K9AtjvGpLEp9wbRUcbGbasomyJ,net_01076,1
8bjLkWK2bYWzL3cJECopGnir1CuWp2XGM1qGjTxvSGDD,net_01094,1
A8CemumoSnWLyAGkrxk4aRTHnHnuTunmTHFXP41q23Jt,net_00599,1
BtSEbACppVjwRRobKfUyJYgzjyqBhK1neSMw9FXRdgCa,net_00820,1
5TdE25caLYaEu8jpjt9yd7zbAwBmpMJLZZCUn1rFeKAx,net_00809,1
APHNdcuhwgqmF7P7a6uambYV4eUmiTHpskyUeUe9Z5qj,net_00809,1
EnA9ZkYWnfrRLrFAt1pqsvpvto3VLBnweLdLHX2hzVio,net_00762,1
ARsEAXcHFEGadgxAULsfTm4FxbkbFd5xUKHiD4hmqeQR,net_01094,1
HfGkmenAJ23Gpj5tYYzHB6eML46puaZXLer2taRVQ2m,net_00663,1
2vXFRfiSCwhmCvd9ngAwex9xqPrP7anmuFFgrMvt4zGy,net_00544,1
2YVUC5e1AR8p7SbK9hQxm7tKTmpmBuUNvH7gd3kbUSWp,net_00317,1
3jKwp9dY9PWxpzr7Hxmm64ZhJBhGWvXmKP8Xcc5opcMc,net_00544,1
48CKHCY1S9AAxSANDfJXYgMbg3PDYLbjnQwbfz9w8hrR,net_00544,1
61XkJfSAyJRmZu1TQa2MR17HoNpEDBiq67sWQ5ThdQE2,net_00421,1
BG677JjcLYyGvQ1aDMETubJbmw21ucADoM4SXzNEjswT,net_00405,1
H8s4GoDcABkvykQSS7mUSHTSKUcxivoULUXgZDkjuoUf,net_00309,1
2spvGAd437Uks961GDy2Mf4iAKvbTSh5wYv2dzW4qenF,net_00259,1
GLfSX4YtaFXQrH9S87i1HuwxhX5UtznUvsWyEXvzWzpY,net_00217,1
7x72piv1jAi9qFVsYbyfKvd4F7o35un7XnY4RjdEHMK3,net_00194,1
AgJNRcr6qYDRjNkNYm9wT2yYWLCzBbN8epwUqscWKd8G,net_00194,1
8ABK4Q34BUdepRVH9bRRnWWvXg8cya3QD4Sk9be2hTE7,net_00135,1
22tjcNV5nQf2cvmEHnamUEc154bN8WpDjDcM28jzofcS,net_00017,1
AoUVnVo2q3pMNBPbGHVuZE3A2baBRhDkNMNRhtF2u1KV,net_00042,1
73WQxX7ijywjeShcPNPnquw7VJr7jm85Pmbjeo5KR7ow,net_00084,1
G6AA4rodWSvT9shJbc4PgVaoR3PFfWCGNgURypZJPytN,net_00084,1
GguKCgLYxwtWgpXzubxkq7E3ZzAYQFbda71DvfbkrKPh,net_00084,1
EUhHN1VwoPLR2bmWR9yw1eEmRxxwogMDVNAeZVwX3aDd,net_00084,1
2pHQkKgsqCrxHRd4AQsQcZ8xbuk35Zxg13ZkDW72rL3W,net_00084,1
x6yaaS3ZE7oG7k9uRjahXVBR8h5ib9ZzbvsKsZaDtvr,net_00431,1
DKt3tRS1kqAxGQDKh1crSB1wXQBhuSWj7atkzxmKoLAa,net_00499,1
CgmwCcCoF5YNhWrVBz2R2iH4MopfvYLfxLgSZsrnemi6,net_00540,1
SpectreGAoeoqZ3TCqvT9tVmpGFLDZPTjZyBu2uJTyx,net_00544,1
sVRPnPvkKtQs8VquirS9raty1feJ7Yz8Q8dTA7SUVJ1,net_00544,1
DPNPVvoGdwNBY849ryx2JZzakWuWbDTfSUYr8aNfKLwA,net_00544,1
J5367GMq5x5YHqkCh2zSwEJwS4gtvBCm1aSJhJ7iKEc3,net_00544,1
A1KaPhyFGHQxoKJZGEmZiYnsDm584wbCzgFekoFrsY62,net_00544,1
2KeeVYw73LsXbpvYAtm2njDBYLc3rZK1vkutH41ZQ8Vi,net_00544,1
9d7HDHrN32pTQYxpSVwzrUuYKSh78xAkKYpPjjyEKoa8,net_00544,1
CrnZDz6Mqw9pcU2j2pD7aYHuKrt4XCshLUqA8Mo1HtUL,net_00544,1
AL78zb2W51zZhSRXn6PSQtqytv9DpzH4fmFp2JHZABEZ,net_00544,1
C4ARzqpvZ4gR3ta89H5Yz7UyPTpRm22BL5U91e5dHTSf,net_00544,1
9be8w7td3fXqJfgH5K8uvyeGTd3tWFZqF11u8kJCGQ4p,net_00544,1
B4tWmhfCBLvRYugPcu6bgP36DVweLc457pywc1a3QJju,net_00544,1
8CAQz8WwMZVJ6fkiZPD6a13eFLyGRsfZkqkxqX4BQ9ec,net_00544,1
FnW6MLyu5UX1G4fYcmmBrPy46foBi6vm4GTWNZQkxUrF,net_00544,1
95TWoKkvv2z85EXBzd2z6NwbxH2f54AvwuCA9x3NoKep,net_00544,1
5nkyVDUmZFSv6PEbi7ZMcYkdaydGvVReaNmaWx9n496H,net_01096,1
