network_id,root_address,creator_count,funder_count,root_type
net_00544,AxiomRXZAq1Jgjj9pHmNqVP7Lhu67wLXZJZbaK87TTSk,97,49,sender
net_00375,83uNmh2zweQWvBvxUTPhHgHRMawVeYBjZJhSfBfw1ua8,36,1,sender
net_00458,9M4DvTSVHmsbnqYpF8ayznYWzQrcEm1jF4KSVgpwCaEz,36,1,sender
net_00736,DrP5dGssE6XkcaLFMCjz5JsCoQCf23g4indXNPtCi8C7,36,1,sender
net_00167,4pwRepCi7RDPwaPQFEa2tf4bgRbyooAVW8RLCCVE51cb,36,1,sender
net_00143,4DCichV6UEKCDaWZbu1yiZYZPiJVDz2LXjHWBvCQ88EQ,36,1,sender
net_00518,ASTyfSima4LLAdDgoFGkgqoKowG1LZFDr9fAQrg7iaJZ,36,0,funder
net_00471,9ZwAWcuBXJ7vR6FEwuGE1kBvqyCNUQdzXGBP5myJV5Fq,36,1,sender
net_00574,BUfYGmEYEBs1pQZpDZvf4ksbv79CEpH7erZbAxurwmQW,36,1,sender
net_00127,3yhz3eNiuk3sjM9gcUmv2odm4mbFYu3qtRaTyuy6Tk8D,36,1,sender
net_00197,5HA8MFu6csZsEUhJgFraTc4LJihkuP3oC7kzRxokv69F,36,1,sender
net_00124,3vWvPMyTNvTAwv4CT55SRwkWeXUzXs8p2tndj1bULi6h,36,1,sender
net_00846,FqfAdbSHwj2h1sqMUJU5Mh6NgvDzW9RXUjmatE4dNqKj,36,1,sender
net_00670,CzvUWHxsp3TofbvxRWje1hLiGBZrZAQv91QPP47pR7Qw,36,1,sender
net_00451,9FEJKRpTbKpCS32YGBKbUmUjfPqNbm1PJz6FoKyMWaSt,36,1,sender
net_01085,omegoMAe1AMY5MFKQQr3JwXVy8F4eCvmBAfcpo8XAfq,35,41,sender
net_00516,ARu4n5mFdZogZAravu7CcizaojWnS6oqka37gdLT5SZn,35,59,sender
net_00067,2snHHreXbpJ7UwZxPe37gnUNf7Wx7wv6UKDSR2JckKuS,21,4,sender
net_00956,HceC6ZgeXnoGEd7hF3MGXtAFcPdC2HdGMYdK2GHm6Kw2,21,27,sender
net_00382,88NZwH5s33YxDEawCFNL88oo6gAriJKvwMJwfx1r7J4a,18,1,sender
net_00219,5bk2exUFYuvQmNfvpksHi7UF89Mzf43rxE4iFPDwUxK7,18,1,sender
net_00414,8gbs8AkzG2kBMVLLnesUbd5Sak1BwnT8EiNzauwDbcHm,18,1,sender
net_00984,JBHsu43sfqhkRcwi5qELdyAkUasZdR2y7iwsQ5uEGbRa,18,1,sender
net_00500,A95pt5WBUukBhmkurE8co3yBNe7sAwhLcJi3QCR3sJNr,18,1,sender
net_00633,CL6vQPpVjKGzHFHxruDfWyLDUVFBVerAHoGiJMGZ2hXd,18,1,sender
net_00122,3sNEDcgLQuJfiqHDdLZEtCa2pgkTz1dnsbzX6poAsM7x,18,1,sender
net_00980,J8angRxBGS3q3TBc6nh6AAULpP9Xv9qe95RChAj3VnSx,18,1,sender
net_00623,CDMFCoiXuikTLbfrwr3K17SMuAN1ziPodUMYjdgekLJa,15,1,sender
net_00819,FKj2w5vFHdpgA532rob8V1T2xKsLJAFYkw5u3gqh2v8n,15,1,sender
net_00049,2aSQBv8XYEFE3WvcnzQaSUL2sMYZQvUv7C4Xv5At5nUz,15,1,sender
net_00168,4q1v771XiBT51QqEGJb6GoCUWApSbPDcBXyqR7HHKqgU,15,1,sender
net_00807,F68UsnQg9tQVE931UdmQS372AcDNTdJBsu5xuBMTmBG6,15,1,sender
net_00718,DdWM5Ar4pZc8xV4oA2Z9RSgHUoNyubQkm6kzEKZVgdTj,15,1,sender
net_00074,31BLf7i9GZCWjvaYiUpubUppQin6DK4tYkHfTmjRQADL,15,1,sender
net_00577,BY4StcU9Y2BpgH8quZzorg31EGE4L1rjomN8FNsCBEcx,15,0,funder
net_00260,6BLz8s83uLEQLEq5rbY7MFEWfbrjEEZpACQfNBL5ok1k,15,1,sender
net_00446,99VzSxUsqs5StWx1CnsRqmqiw9EPCpw62Antfyr3bYcq,15,1,sender
net_00571,BSpP5ZHPbfcYsB7FTF8jEdhzbwwvmnFgvwfr2mFjDfh3,15,1,sender
net_00159,4e38oDZGys8VUNBiX4rhHCvW7tPFq6z868e9CvVD48Hy,15,1,sender
net_00365,7rc3eVb4P42mm5VGsPD2e144tefNci57LY4hibfb2f6m,15,1,sender
net_00710,DYv2MBZMBRQnKVwHdxKuXaYzWsGJTtugbWnpNJoSC17B,15,1,sender
net_00705,DTztNLyfQvfFRtgY5QDh6mtvuYTu2fBzSBBYV4dNYdYd,15,1,sender
net_00185,56S29mZ3wqvw8hATuUUFqKhGcSGYFASRRFNT38W8q7G3,13,16,sender
net_00285,6WFtGxogs4XDz8awm5AzWV5UdoSDo2HpdrHVpmoEmJeh,12,1,sender
net_00095,3KTfnzh8gMWFqo9NSf6oxX3utjjqFhZmLemtGVTVdK5S,12,1,sender
net_00274,6RKp5Cvd2s1tSz7x7GgSoQyrapmrxCnH1SsXCXU69dEJ,12,1,sender
net_00700,DSfzWXKHDpsDFyAdnnZDxGnPCJNXKi6UAahfqsG7VMa9,12,1,sender
net_00960,HhqXhe6gpRjXcFwFqXCdNRNBV6QsACx8v5ptRTApsUeh,12,1,sender
net_00982,JA59Y6SykH9Yp6bohpkuSLxnCypPLd7V3D8cqoBvtvs3,12,2,sender
net_00271,6NHwtNdJR24i6GpiQerkK4KZEW7FnX1MP3PuHiFwvBrU,12,1,sender
net_00424,8nqtxpFpuXwfXG4pBLsDkkuMMPK9FjSkBMCn542HiM3v,12,2,sender
net_00377,84JmiycS76Yfo1UfrNpPV3gS4uvCJA9fUGzmVbm9CtPF,12,1,sender
net_00507,ADTF48wUHi3Egri6Q6Yrndq1Riucz2sDbbHjZZet1c6V,12,1,sender
net_00496,A4MB7wKjaFQzh2CkQHQ1cUmeJDRekhM23GRwATGJFT4g,12,2,sender
net_00628,CG3gAtKEQZHXGDAvRuTdkzK3399JK776e9uQGqsaHmi1,12,1,sender
net_00920,Gzutx7BaBzF5cjwuZEZ2AiyRAAo6kKNsFg9wTwgWHifz,12,1,sender
net_00157,4Zvtb1aC2kM2ZkN4JPFKKjsqmh73BdXRExLkZSU4UWyn,12,1,sender
net_00331,7LHoWpX9gRRcWVdTuaJBMTDiY2CGNqTMtuGTXVaxhCy8,12,1,sender
net_00430,8uK4WHayPX6vFKXa5SF7PwjHgRG9QM3trW3TGouST8qm,12,1,sender
net_00193,5CD6DbBLvVa4bRJ6q9MnSSc3JCLchxuZ2cWZeBGUjPdP,12,1,sender
net_00778,EbZtUhnJnrgQPVjJqYaSP16s7sD3o3ZS6TcM2wjoebHd,12,1,sender
net_00210,5SnFyqH2uQ8U9WbSUM5Rokk7ojXkfho4Nu5kX6w81cW8,12,1,sender
net_00874,GJA1HEbxGnqBhBifH9uQauzXSB53to5rhDrzmKxhSU65,12,2,sender
net_00229,5ndLnEYqSFiA5yUFHo6LVZ1eWc6Rhh11K5CfJNkoHEPs,12,0,funder
net_00856,G4krd7a3tSqDL9pKn1EQRGnYAQnS4HAxD1CJSuXfQt9t,12,2,sender
net_01053,Uiw4zHGGSsTbQ5qyW3uYxwJ66vESjQt98owYL7wKqM4,12,1,sender
net_00850,Fut6R69ZSzWZDXSFWZ9fk1TJ2cEah3huSNDjx7TGimPP,12,1,sender
net_00057,2g98XuK3PGeiei5jxmghLREc4E2xAqw7TviuB9SZ69Sa,12,1,sender
net_01057,YARSciE3tFureJbF9YmeBSxY946V24DmeKhuV3AoyXW,12,2,sender
net_00598,Bshg5QoMMnduF6zPdpHY9C2AauZP1avPC7xxJbB3SYpW,12,2,sender
net_00064,2pzf4B9iyc6sxbCeMBxfca4tEycGGFCgHUegDd41mKc1,12,2,sender
net_00031,2Jxfw3X4aYQCsPMU4YETqSCjA1bMeeZmy7eKpKoe7YTS,12,1,sender
net_01055,WrKm5PcbXiMCg6rBc5Wx8DRc48XgiooRdJ7diXcDqdq,12,1,sender
net_00153,4RieLm91Z3Lz9RrW8PKLXsMB6b2fcqZNFFSyT8Hijtjs,11,1,sender
net_00037,2MJ4bbZBtP4VCYg4mNAjbzMFKd1iKL518dwhPswc4xFW,11,1,sender
net_00639,CS4pY7yUhaKgVut9xDPEBZhziJn1EJJuLMuFPPrMJutz,11,1,sender
net_00825,FTzchSLRWaa9dbz5u7PZ6faaFDfpjS1QqCGAn6LM197T,11,1,sender
net_00730,DoAsxPQgiyAxyaJNvpAAUb2ups6rbJRdYrCPyWxwRxBb,11,0,funder
net_00133,42k4ftm3URxMJnpQDBPB4EaKpbzbfzDYkyxPTB279Eno,11,1,sender
net_00161,4iSpc93C4QphKnrNmkkYdemH3ZE2A3jo1fyLj1VyrQKf,11,1,sender
net_00958,HfANoNyKrPAMnosPMYtQGZj1gueReaP5gDxGFTJ9Ahd4,11,1,sender
net_00107,3bsvpp3m2HHqHs8UAYn2aztzZBTgEivcvRZBM9Zms8AR,11,1,sender
net_00514,ALGzHs8aXZNEP4txVV46JGwfgZ623hNvu22BosFNr2JK,11,1,sender
net_00709,DYDhfy8fwacioakAc1vxJ5dppkvWGyDLq42Pthjt9KuB,11,1,sender
net_00163,4kmxehQU7TPg8fmRxwyNAURBKWXTCyFh22Fkk9E66hPH,11,1,sender
net_00642,CULsU4fb2fitxauFFkZaLzX8ockXUQ9G6iiJdcVeik3T,11,1,sender
net_00101,3YGkB3pJt3tUHQsBH3V7Hg1Qj5dpySudCSpJDY6WoW7M,11,1,sender
net_00164,4mZxDG8iSkk8L8Sc3HiAjBVZ7po5uiJL6v2RM3rzTEY3,11,1,sender
net_00646,CWKgSj4NhsbUs8wv9PZtPBqzvxPKRybFRyMDaPfnb7iE,11,1,sender
net_00647,CXdZ6m2PotNq4D7zKK3af426ohGro1xingNuf68SoKmv,11,11,sender
net_00903,Gp33W3sRrzdva7byyrd6Kme5RnA25jeAdXJr32uepV9k,11,2,sender
net_00835,FdoetjcHyoqg8aPuaS7uEEoo8mjtCgNfLeQaCrnE4xxJ,11,1,sender
net_00573,BUY6DT6seaydpupLPHd6SxHGsZSc4VxTb5ba2WU7HQUB,11,1,sender
net_00886,GWTBqrZQWV4ZQ5Bb7YSXEFmRN5FfCXhoKqmHkwM6tYFZ,11,1,sender
net_00459,9N36qURedbzAo1Gbje6bMgXAU381adxH5DKZT28NErUN,11,1,sender
net_00569,BS4JzczuZmWAuCtaso46zMJSxp9uBozMMvtB1cELrX6H,11,1,sender
net_01089,qAjshgSZC2q8AgevRGHueVjLrqvWB6Tz6sSD5zEtuqd,11,1,sender
net_00676,D4ukgRV6gevoNidLxh2Cz55xSqbTZoGYCvmmiK8KuwM4,11,1,sender
net_00226,5jbV2vP8UcD6upj63kgHYMfScraZfoW3qomx5CnKjaj7,11,1,sender
net_00691,DE4ZSXwZx4uX8GBWrJLNaao8cXPBfZgr13KjamXbzGvk,11,1,sender
net_00711,DYwKamz9JhzhtLsp85PaNK7Nx8LHHSYMAfDe7c3keifN,11,1,sender
net_00699,DQYgT2CsaNXc8CKpfxH3DUBfMVzHHEVvXWxrJqzBSJtN,11,1,sender
net_00602,ByeKn1MyDjRs2PnGfV1yBCwjsXVHcPft72fQGBQCm1Yg,11,1,sender
net_00754,EBJ7SBrqcnzKef8jf3dLjX8mHKzmcrtwFsALe5QPzZem,11,1,sender
net_00056,2fiPirkoCER1225tb66K8NPcRkbXchy3sarQLTUh6wAA,11,1,sender
net_00097,3T9ggLTET1Ly5uBRibQDcQjb64vaP4S6DEtVY1s5ZF3q,11,1,sender
net_00532,AfGu6HSGtfgZ5kTq1krZ2sSTXkqvFJR9anLaXXjbZ5XK,11,1,sender
net_00277,6S8GezkxYUfZy9JPtYnanbcZTMB87Wjt1qx3c6ELajKC,11,2,sender
net_00502,AAAA8oj1FNQztCxt4oXut2UbD8PaEL5kSNjJUfJeYAAA,10,10,sender
net_00534,AgmLJBMDCqWynYnQiPCuj9ewsNNsBJXyzoUhD9LJzN51,10,10,sender
net_00526,AaZkwhkiDStDcgrU37XAj9fpNLrD8Erz5PNkdm4k5hjy,9,2,sender
net_00674,D4ki5hVvjvuMmHyjX62rzzzkAfQycShwUKtQFouFbkCE,9,9,sender
net_00841,Fkemk4DNp9ncsixH8gJqoysHu8mvG2A1TMVbGTMoYa9d,8,8,sender
net_00592,BiPEuS6xJdRqsJzAgSKYqJ1jtWvL7ihJm3VjnSD6SPkJ,8,8,sender
net_00353,7ekXuVSfKiFywYzoCp68Xat1f8pPxAn9kqfz2Xthp72b,8,8,sender
net_00896,GdmJDB1kdEjvhN63jHGEkUQgB1yH5J7nM4RTMCpFrUPY,7,1,sender
net_00254,66KfAsGJJwkYXnMme728fu9iUrs6ZwPhWEk2DSDqy563,7,1,sender
net_00466,9UURSjKTuaM8QsUiz34PUxTc3HfQJfjqLQNQM25PhrYx,7,1,sender
net_00327,7Fn7uLHn4ohyTak8iqU27M6CzXCSmiQz5Dc8of21wvtw,7,1,sender
net_01074,euxZpbFRpui8WQkKJZfqL8urcxiYWXXDNDWyoYBe5Pw,7,1,sender
net_00358,7htDxctjiun5W5CyxYjtK2wiGrEPQhXwwtANjGNJRE6E,7,1,sender
net_00078,34K7pwtUEdHDEVGspnM7W8EGCMUAQNvS11Nn2vtqhH2R,7,1,sender
net_00021,2CoXdWvWT6vDzkfgAG1v45Eb2R8Q3Yupnu8gvU9AU65k,7,1,sender
net_00258,69SNcRC8NqjHBSXEcugCN5oFKRQoKmddmWzZYc3tqtxk,7,2,sender
net_00812,FAuDxKsZ45Y2WhEaW3KgnRmxBy69PuYCtqH7gQoExGvr,7,1,sender
net_00686,DA8tSA347pp8WAQXxmss4DMEKHL9UnXU2CtGYPaPUhxD,7,1,sender
net_01073,euxZ2af3vRi2SXHTkujasYZ6K1ycLMreCujL9aKe5Pw,7,1,sender
net_00177,4yi5U7H74y9zWDdRpbQa1xUks5ZRJLdW2VugTjDnTDNc,7,1,sender
net_00174,4uQ7DYtwxx28Nb9GLrUVqzaKGYwHrn5sFRKH1yECL1f5,7,1,sender
net_01075,fQxtDCcaKzFtgmvzmewwp2k3YBn3jggb8jtDQtpY1vQ,7,1,sender
net_00404,8YSYm4N9HTZcyYRL2rfHnThGjaj6Do19FZUFayzDazms,7,1,sender
net_00796,EvMdvqnvFxAMXwMVAhpw2NnRwsk6EFNbWUKjLEMm8rXZ,7,1,sender
net_00651,CfKCTNb8rekLn6BggAyBgFpfbRUidcy27aJQUjCYVnvX,7,0,funder
net_00648,CYCgyrJx7P7gTxrLD9LJY85eei1LTZKpxwQx7KM4FmgM,7,1,sender
net_00600,BwSkethAKgdSfozi3ANAF5hd169YrqgKaMcztaCXVSaV,7,1,sender
net_00252,65rp2yQdVd7AWuyPpU2egKmA4n2gMx5Q1pkZGF8Wn8xi,7,1,sender
net_00909,Gu9i4NcfCzkKtaMZLDzX6obKkN6DYJQTDS6mFo3Cgi9A,7,1,sender
net_00462,9RbcRLeg7v3yrz6wAWRNrx39dFAU14vDKibmovWCo8sF,7,1,sender
net_00728,DkpMvCWwdNZL5UScy1eKjMkQCsyeFjhMLG2WTtmE9zQ2,7,7,sender
net_00851,FwAmVi478xC1Z6KfhV6KjJuTRcAJ9LBSWeHbrRz8Zj25,7,1,sender
net_00241,5x8cpYomC3r3ye7kyfBwqpmDV3Eo6F9kyGwjL8CusQXG,7,1,sender
net_00231,5pmio6zkfB6XbwPnsP9jB8cR9gqJL5bzWbdYZeePYuwR,7,1,sender
net_01093,tHZxhTW7KtEc3cQEkea4YVFdPcDnaQ95sfn8y7kFnhe,7,1,sender
net_00005,1ustwKGbFXLKcWmpMrTZ9hF52Gx4ScrU7p7hHNpxJCD,7,7,sender
net_01091,rapidXMVLw5uBieKHDGvF9k4xSSDXyD2FC5wLTAajaJ,7,2,sender
net_00859,G8nW5y5ri5VikM8K6PgCzyQwQtp7hPMPkPoAMvUZD7yi,7,1,sender
net_00066,2s9iEvv2VNPmGDUNz88rNfLMXLASYmdSW4JjbDjhqDHJ,7,1,sender
net_00860,G8nrCxYQSoiRrbwQQvaAQzqJiTXtUd8Sfz9L6PJxNjyi,7,1,sender
net_00568,BREk6gB4DuTfuymnD7MGpyFp9dzPsNa4WJQGUde7DWdT,7,1,sender
net_00449,9BeGYpzBige51jysv4uxeRkHsYVbGakMJdmK1qDWoJz2,7,1,sender
net_00450,9Beb7egirE32bJZNcHQm3utCSkDGQ2uBYJJ1AK3zvUz2,7,1,sender
net_00875,GJks7NzAhsDQ17y74Qe3okB5YB8LUUvYC7m5nES57K5u,7,1,sender
net_00792,EoxKFoo9Gd1WSarcss31vYpPVdkSWJZegvcv5bHB39HA,7,1,sender
net_00878,GPwNeVjCnqCM6ZwQtbtVsAiMBhnnGE1CDsC4xHrMSU7T,7,1,sender
net_00723,DjXVKpcpeJRwTRotRXfMwxh1tnL1ZsKT5rRsBVzTMugR,7,1,sender
net_00793,EpwH2fzzFU74Ar8XbM4RhntyVq2eLszsUX6AGmPtekMK,7,1,sender
net_00679,D5dtjfGj9PhWsqKjepxFSAnRMrADrYfGPWjVwZSoapKe,7,7,sender
net_00207,5PbniHV9DNkKWajFXXZCkCoR5ybTVdKSh4PG3VtRfLDG,7,1,sender
net_01081,mzK9JhQ1NTLUDP8FDsttZXdek3wBR8TdrvbW3JkwD5f,7,1,sender
net_00165,4ni2jUV5QX3gopZnNPC5F9H79Y9NvJxeUjzWhJj8fVyq,7,1,sender
net_01050,TvXYnQcDxAkbmPQ5Eym9dKSsLQdbWTN4GuJfG9gbQZa,7,1,sender
net_01049,TvXCMUhWPZeTtm6aXP9SV71KvE1RWZPAsLieiYBZHZa,7,1,sender
net_00882,GTAbrrpHy63U1ipynjb4jGppyo2Te6LLKBzH3jsN88Nk,7,9,sender
net_00068,2tEDfvRVD4XQe77yizGAuxoduF3AF7GKfuiPRb5PvRjD,7,1,sender
net_00802,F1pZgwC5WtzLbdGmsLKSr2ryskzMQpTT6pLbjvqF6iTU,7,1,sender
net_00292,6dajaowW7btv3wkgxgmbAtbwZRdPYw9mCAtyx8b9nKF9,7,1,sender
net_00926,H65sTz6r9U3jmP9Drt8pgsSUYgtAMr6He6uPci1Pmhrm,7,1,sender
net_00585,Bd1MN7aTKnvkDZMAAyrL71nNPSesr2WP9rMNNP6PMSgU,7,1,sender
net_00142,4BnW2czZHGuMv2Fj2Qxqu3ZFXqHdT6zFCtYB1MjfWMHp,7,1,sender
net_00493,A35CNJ4v5psZAKMFWhcdg7cwXuyu1ZXcQ7NH4b55cpg,7,1,sender
net_00337,7QrqVTQDzMdPMgwcH19GdcdcMbxngaaPwHshh4L5L2Qh,7,1,sender
net_01063,bR565Atnaf8N2HRNvmN7q5EVnJP9MrME164doajzYix,7,1,sender
net_00494,A35Kq5ntEKeJmAcRrjY4ttUb1BpCqhXXeiXjJmPTiapg,7,1,sender
net_00589,BgDGQxb3Psh4qgAwwf1v3d7hirFfrzWUDVToWShcyyva,7,1,sender
net_00974,J1gajwzz7xiGTxMychw612To1CL12pCXbdyV4NC5kXK6,7,1,sender
net_00091,3JQG1bJj1nK8x25iH1SMcrtDNnxJFitM32eiEnKgkKmz,7,1,sender
net_00746,E5HJhBLfiQiw3cX7Jokw3gSK14uiLy33kERWFCQnQ7S2,7,1,sender
net_00092,3JQxj2f8JJmgexxmpL1MzHdJ8pE29S7NN5EZEGBnQSmz,7,1,sender
net_01065,bocsoUiM4EuZAgs9NBDFZW1ghzFXsjBX6hx9V3zMqTJ,7,9,sender
net_00939,HJ31DnmcQHjR1hHxRa85sgGLFWiGMXT12dHDcAwbYH9F,7,1,sender
net_00084,39azUYFWPz3VHgKCf3VChUwbpURdCHRxjWVowf5jUJjg,7,2,sender
net_00270,6Mr9Q54pZHBmKUFhca357uEKiSkF9HTkCG1kSUyb7o5W,7,1,sender
net_00826,FUWbNo6u8fJFA3dTiLBSt7TzaRXCp3Udee2Fq9ssd6uU,7,1,sender
net_00629,CHQXvUMJd9NLsSRL5kXBqj52JX9FNhnzPJKNvTVoqgXr,7,1,sender
net_00800,Ez2jYoXp45DZxr7JVhiqbDNirgBT37MErjZGxA8jZkTf,7,8,sender
net_00069,2toRkWt1MBa3Wv6MJW998Sfu5YgoYQHzqp27ts2K8ygQ,7,1,sender
net_00523,AWedepjjggaBYRTXvZp9BccrSsaGHCzWfYCJv4wRgjFb,7,1,sender
net_00787,EhxPFQjc8WdRX5n7GBXpV8FvtDS6Qxht8iTnDdntk2Eq,7,1,sender
net_00406,8YsBCkoCR3AHsgY5Vu7jH2o5eKoWKWtSATJuWGzDAzMs,7,1,sender
net_00030,2JqCBJ9Bjh8MN38zRbktuw7NTgEUrNuLRJ43Tsh2DzRu,7,1,sender
net_00156,4ZqXQ1dGXCz8NitACLq2cTYPeFqyUbomVG9ZjFPUvhav,7,1,sender
net_00261,6CE68zH1oLZPr2gqs7obn4gcyiKsbQ3znzP58twwU9Kn,7,1,sender
net_00761,EJ8EfLCDPrcneJPmmQWJKo2b4riv4vuT33dF6Ev1mEqb,7,1,sender
net_00291,6daGFt8DgJ4GvtkvPjz55RBf65nrZwXKMaQrXajSCCF9,7,1,sender
net_00407,8YskiVQskh3CqoCVcdi7xQpVivz6DrZ9f554wBwKDvMs,7,1,sender
net_00293,6eT9hQPdTE1yitqaDsfV99M4fwU1wdx6mAD63HZgmrgv,7,1,sender
net_00637,CRTydNJMCPeRtogLtoB7fwTW2Nze685hDhWBcxyZPvKj,7,1,sender
net_00425,8oLBFYZYkAvxmaCAP4UaumXZ186tc8PYJ71FR8dW7Kj,7,1,sender
net_00130,3zKkMWvh6D9zA8WMEquChmTzRFVooHvMGMknpT9ALxhw,7,1,sender
net_00977,J56d5tC8WeHMLnqrTfXx9rc6XA7xFJgfYUXYtVRF7hcp,7,1,sender
net_00521,AVRXeFZuKeTHHZreGU3cVLyBBySbtasY2qY4v8SVzenQ,7,1,sender
net_00822,FPqWFWs2xgzR4Z51fE3nd54QfRwXjZZrYAhuB7HacS6z,7,1,sender
net_01051,Tw5uhE2uyApRCt9LqN6qMSiEeLYvzvC3P5ToEvTeGEi,6,1,sender
net_00280,6TYDxGmVxkBPBmEfnmLXx6jVff9LknsjRHqdTjVyZmG8,6,6,sender
net_00392,8J3vEng9upTDpUAHo69XBJ6uv35zGKPjnrET9kWJzRPq,6,3,sender
net_00969,HugksxcSGZnhfTuLuwnP38E94FX3HjWZfiNjiXSdx6Yh,6,6,sender
net_00961,HiSo5kykqDPs3EG14Fk9QY4B5RvkuEs8oJTiqPX3EDAn,6,117,sender
net_00374,82qSmvML3zKUzrcBkT8TR5kaUmeKuvrLWU9c9xuExbGg,6,3,sender
net_01094,u6PJ8DtQuPFnfmwHbGFULQ4u4EgjDiyYKjVEsynXq2w,6,2,sender
net_00236,5sUugJLHvVRsXqss22zuuoHBq8HiBo9LiXGSHtQNpx17,6,2,sender
net_00750,E7QWcf4nnYWTZ9JT4QAYA8yHD2fAWFpsuBiaSdC1f6H2,6,6,sender
net_00752,E8oha6AYKZhSjAMS6Ek8CkWkaNu34qfipidYf6uqruVe,6,6,sender
net_00149,4Jd7w5akuMJW9Uhox5tdFmpoBNFAfgqXBmTMEGcjkMDK,6,2,sender
net_00941,HK3J9zTFz3qBTNtcja3v9cZmSRfGEM3upXwK6GBuKHrT,6,7,sender
net_00698,DQApNebkK5wCmy92T5c4Z9NePWjP7dC4avpLMzuxadxR,6,6,sender
net_00689,DDDdoMhPXdC8gwu958oir8dApP996nZEJCSb8yf1gTK,6,6,sender
net_00904,GpTXmkdvrTajqkzX1fBmC4BUjSboF9dHgfnqPqj8WAc4,6,469,sender
net_00396,8NJ7Ujpji8uMF2675mqaTSEm2DCbfJA7fiRKtiaqkaLN,6,2,sender
net_00176,4wuudpdbJzUFpsu1MgwbGEWg93NQcb9Wxyoaya9i7FMF,6,2,sender
net_00195,5FqUo9aBjsp7QeeyN6Vi2ZmF2fjS4H5EU7wnAQwPy17z,6,610,sender
net_00194,5F1seMKUqSNhv45f6FhB2cFmgJbk8U1avJw7M6TexUq1,6,2,sender
net_00192,5Bn5nMngyBc788VK6eGbwB8UvTcHrsBFaDoc2NRKrE2G,6,3,sender
net_00499,A8Z1ejQGk45EJibBPJviWnM3UvwKSuYun53nSCkWKM52,6,364,sender
net_00179,4zpRcVberqhwgb2APTYHCMYSvdqGUMzPReJ7pfaqEYZp,6,2,sender
net_00313,71V2jF2Xgh6dAVZAziTxSGRpa8UkeQMmET1ZY68dkhob,6,2,sender
net_00246,61ZqpdvUbQcCnQfaRsqD1jEyWfrBHqsPSyNoyEU2tAmM,5,1,sender
net_00784,EgUdxBKJkCRc7ATPaCYLFvoYuBnioEyLhbjm9wMkoMR8,5,1,sender
net_00695,DKt3tRS1kqAxGQDKh1crSB1wXQBhuSWj7atkzxmKoLAa,5,4,sender
net_00837,FgHpCUF7KyXgdADRZW9W2QBDSKNgRgnMdDcpCqMVSqmv,5,1,sender
net_00273,6Pr8Gqj3gdd4VELGjDraRLm88139NBEYUP9i7rmUQM91,5,1,sender
net_00296,6gAgy3F1tLxeBWb8UhGEnmXYVRoaz3w1Lzv6APyhfoHk,5,1,sender
net_00303,6taYsF4uL28VnBRM7QSdDx2qGW4fPSF1DN1D3UA3Pd2N,5,1,sender
net_00704,DTwErSmzVysix3n44nUwxcQ9Fi37cH22fh52dQrnM84n,5,5,sender
net_00245,61NP6BpRMtaFDT32y4zoLcMPn4HJqZ8GHaXxw5fujVb7,5,6,sender
net_00422,8mowmVCEewZ9W2cEaQyQeQEeSxhGr1hvRviLwozwNtBt,5,0,funder
net_00681,D7SZ7nEKDickuFQKpyhveEAz8aiC8wHPsFampNR58WEA,5,1,sender
net_00823,FSYojWVXvrXNkFfvCAptVhpnWHuJoNzQNu7QSgsecCEz,5,1,sender
net_00282,6VSNyGNeaV1x1we9AtLjQs6XzdDGSYY48cXoJJJwmfNg,5,1,sender
net_00442,97V26zCSXhBRSGsnfK4dTai8sd34UHQkA3G7jS9MG9BC,5,5,sender
net_00132,413a39GGzyL6m5XBdykBC9fZYn1Aeend4eZXD84xwiMj,5,1,sender
net_00105,3Zfu38FEerQSZzEigchmuVDZtYjGKzCEcgjWv4e3Xq4P,5,1,sender
net_00373,82cVqidX9qrbxG5JJgJp4bgHgo3at8op6EoYuczmMmRo,5,8,sender
net_00345,7VoTU1nEWE1zBh8GRWRqYumdYHKQCCAJbPdFBRcSqwvM,5,1,sender
net_00613,C5han6ZTXeNwn1dRfqHHw9FeAxjVHjkYzmsbzpQnefXP,5,1,sender
net_00759,EGvrDE9gsfJCRhoVtLZxyVfwtKn7SP2geaErrHKBZo9v,5,1,sender
net_00082,397QMnjaBajeU344jNvh5JgdLTpcw3fXcdqnxBhHYzUh,5,1,sender
net_00990,N5R1v7kpugwhiL1FLEVGm5CgdNLgQJA2TEkku8SeR7P,5,1,sender
net_00371,7x2d5c3MKo6VJVqpzqQ35PrYGMyvBY7gQJsrquetswzv,5,1,sender
net_00530,Ad2XW3kYwXs8nwnfHV3WhJvewZgWpYsuF4EdVTy8tpB1,5,1,sender
net_00370,7wwWiTPLESoATBcMmpWEv4fssqkx1pyjWv78tXfGQeEP,5,1,sender
net_01054,WGnZ544hA38myExPFqCun1d4XjUa39QjqzHtWroBsk2,5,1,sender
net_00061,2oCwU1ShA71Q1GEWHccCGq9tH12KSr7518E5tSUAjvE3,5,1,sender
net_00053,2ehX4zKxQ8ymjr9UL5KA8HnQ32XUyoa7nmAY3k1mwYe8,5,1,sender
net_01064,beatXW1PmeVVXxebbyLuc3uKy2Vj8mt6vedBhP9AYXo,5,7,sender
net_00041,2Qb9tH6PMDgttdSmdmpFZAJMQDReyXTScsbZTEVSf78Q,5,1,sender
net_00368,7vR9Z2nLTr2UF6XTaRKQWWEe48VNg3Jw9YdsqMxyLQPX,5,1,sender
net_00038,2MXR78ctYVxdzZEHzdq4gZvUnD2AcesECucCrdMBa8sN,5,1,sender
net_00035,2Lt12W2ZUU6fcqkvbZTLBR6EHTRd16jhLBqBKqBZm5xo,5,1,sender
net_00034,2KeeVYw73LsXbpvYAtm2njDBYLc3rZK1vkutH41ZQ8Vi,5,1,sender
net_00032,2K4uPSXAyimDRAPXcH88FJNYWVKgTbUtSMBe5BTyNWpD,5,1,sender
net_00029,2HcFC8Ny4nPC4jn4uBRsZTKkxQrKFh7QbgRb4QbKUbY6,5,1,sender
net_00028,2HD1qioVUD841twEjWG9NUd8W2gxt4NuGwxHmF3bMxsx,5,1,sender
net_00026,2Fj1wUcfTKZbMJinjyesMyQTS4iNkZJfHaYLYdhxW2HU,5,1,sender
net_00024,2F51LVLoTW3XppptNKg3TqQ8ph34u5FihUdi1Gk4GymJ,5,1,sender
net_01080,mi4K1vaAkE3nLUYeATtoWC32FJftNDecDcTCm6hcWZJ,5,1,sender
net_01082,niggerd597QYedtvjQDVHZTCCGyJrwHNm2i49dkm5zS,5,5,sender
net_01086,po27vzv7pSZYsroDopmGVVBVAqxg4GcyZXxmCkoejFB,5,3,sender
net_00318,77G5SpvcrZehWyQfH6E9K2pnWivD3iAKD5frVFL22UQk,5,5,sender
net_00484,9sWBgon3ueABo29F2oU9z7CeuG5MXNpfdaPG6whSBozR,5,1,sender
net_00776,EYnrRcrv7fZLjpFmkNfbYSRd6ALrXanBCkezAxqAuzVD,5,5,sender
net_00901,GmmVt4Xac82u2hbhFacQpZEG2prjiVbgLSshdKS9p5Ye,5,1,sender
net_00880,GR2ufkCLQK3YqqauU84qPj93bfh873b7TvmmgzubyvmD,5,1,sender
net_00885,GW3S8F9MLrFhzdRSjmXQBBj773kQEMVtc96oWK4LZ1ak,5,1,sender
net_00654,CjXQka2UPZQrAHVh6rCFwPffTipAjYiQZEgaWK7XLdrN,5,1,sender
net_00191,5Ba5835749UfxhhyfAfmupTrB1p5K1o3gNtRNnYxAU7c,5,1,sender
net_00465,9UMqzRRBh8s8FfbBVykuXcZ8mfPFfKVFd8SZhkmHtBzd,5,1,sender
net_00897,GhMSE2MyP9LCqEfCmQEwbMTjbtqSxiZXwwnZz5QBnAYv,5,1,sender
net_00322,7A4qLwR837q1yERBgnZSKvPrv6zwKuzegq16ECxW3LEF,5,1,sender
net_00218,5b6B5vYDR1nvFRHDFPhDgmEtn7dmvf8xCc7vzMa6gczB,5,1,sender
net_00729,DmZG3W7GGWzn7W3rdJ1JqM69ZYRsbBALDihy4o2hWdy4,5,1,sender
net_00222,5g3Z4pWMpQ6wB3PDLUSSaEhsgS8pq5FXShd71jUPGJur,5,1,sender
net_00329,7FqSTcR639ukmfDZArBa8Lke1zAKLkjEBbybDESP7KaN,5,1,sender
net_00724,DjeF5Kttb2uDYGTUgTAexXMzAb9WHFbFfidUoMj2VwnD,5,1,sender
net_00472,9anmiHy6TQsoeLdBty2EExZqUYiKYeWSjaRoznRBCu5G,5,8,sender
net_00482,9oieEBu7gprdMmWrSKQFMk48DiCa3AH2edY2eZn8ortJ,5,5,sender
net_00719,DdZG8dw12CsHjj2Ytfo1vKNPPoU4DEYSMSxdhPjo5U6N,5,1,sender
net_00487,9vV4BT5Fp8RufwkT9Di32nFc2gH9Bn4NWXjAg87EJ6R9,5,1,sender
net_00861,G96wpMNd4mzr99AeRcxnAnwjL4aT6Xt3QPPhPxFWKzPf,5,1,sender
net_00385,8BoUQFP3rZXfimroYdPg1pWs4MQQgdzcSx6ZVznQwb1k,5,5,sender
net_00145,4EcNgdoMNKkjrV49SRLbwisAdHTjoWSYe8CmcPupg1KQ,5,1,sender
net_00139,48HKNWM8GhepAioFyBDnSScaLsJqNdQGUeAhYFN9F5Rm,5,1,sender
net_00940,HJM82Xx4Jj8XDJmKHNrtV8qsLmvpXKULxbJogDcZLuy1,5,1,sender
net_00497,A6GfSs68yFokCh36UdAJLxJ9SaHiev9PKExWJdD5BTqD,5,1,sender
net_00671,CzyVETiVjehxDbVBioWGHGurA2jopesr1WXbVCN3V9X3,5,1,sender
net_00389,8EnQt1eK7UmcxzritXSB1EFYjFpSxrDtyGyCoHwB964F,4,1,sender
net_00364,7q5CwzcyzPK6pZK4igkWX3uNWjTpmbAjwtS9p9RR6kgT,4,1,sender
net_00383,88gtmUQjGPxdQUfM5BibgwvVUpUcB1BhK5B6NVzg19ok,4,1,sender
net_00714,DZzY8Kj5fKrqFYDuYy2uPbiw1a6HakrN2ibe9nB5avwv,4,1,sender
net_00716,DcF7Si7A1hNphq1Y85AiG3vwrVBveMetTeFTVVC6K9jt,4,1,sender
net_00713,DZotLHoGwRPAtEi8f7Lugk7pYobAAvHHbTKaxpQVspzZ,4,1,sender
net_00381,87phca1kfjNEcEHE6nMfSZiuF93HpBPscGAhkPAfX7Xb,4,1,sender
net_00733,DqJ1hgFb2naz1fddiQueFgF87qSUoWG7xWJ366qvRELW,4,1,sender
net_00401,8SpkjrvWj3Wa46pu5LyfxDvk6BzPtmDaAGmLoo4hQ9V6,4,1,sender
net_00372,7zCrRn7ohUhvqUUNGs9rUk5xJp97j838ZtKgPdREcZcu,4,1,sender
net_00397,8NVCVo7euEeanhDyWqtyw9rkWep5FxFGQH7sa1PvE8Ko,4,1,sender
net_00380,87gigQMNk37QDooYKmuU3mwGdf7RZ1ZJkSiaoedwctJ,4,1,sender
net_00379,87ReeTssuWuu9bcwHgL61E1WG2gTW9MTTfJCDuEEWgh9,4,1,sender
net_00469,9XBgoAQT3iNzURzZ1zoLNBNUqHcedu3mnttkcK7Zykiz,4,1,sender
net_00408,8ZoYRTGazZPind3jsJqW9qqYy7nbTHjGwvgeuG92c25u,4,1,sender
net_00506,AD3ydUNZ15XbKBne1FfhZjjsezXv6n1ebBSb9XUUkXwH,4,1,sender
net_00619,C8QtFMvCnzPZ2VhLUGnL1fCcyBvQyymG7R4v12jKwRvV,4,1,sender
net_00510,AGF23prPDo2LMQvVeWZTeAwXcHeAzX6zYvCgQn2sfcY3,4,1,sender
net_00511,AHsQp9drjhgyEaXRyDjCL5mw5juJRhY5nmjsjAhyWnX7,4,1,sender
net_00512,AK39FMzVycERnjkTZPuGZPcA5f3VbKB23LJhp9zA3psg,4,1,sender
net_00618,C851dvELWHQgjvBN58WfHK6UxEqobTgp3BftgEkhWkJ8,4,1,sender
net_00617,C7rNKEyPC14thGjCHg2gHizYBG3RUEX764HQ1cF5sxEk,4,1,sender
net_00615,C79eesbbHYvn68Yf3zVGGu6jw457KvAnQpoxU6jR6sWU,4,1,sender
net_00519,ASZeBQm1NQitPsmZYJHjf9DUjDnbvfN94DLe9jzV6nag,4,1,sender
net_00612,C5Ng4nbcE2dSKiw4FkiRE1BEig14uUY71Z5Zxz8TcEhw,4,1,sender
net_00610,C4eNLxxC7XLUivghMi35YUeSfvACgnvKB18115uPUqjg,4,4,sender
net_00527,Aadjop4WNo3tvBnTLJPPoeDzhNdv65eZWr5eGgRdiW7J,4,1,sender
net_00605,C1SPWVgf8QZBRcH14jDSMs1RytE2Ao9KFAGeppYCWYRP,4,1,sender
net_00531,AeZAA69DbQn35A2FiamfTXGoKHxPPsXZ51gcF1zy76ZP,4,1,sender
net_00533,AgNaa6DLja2Nc5KEu3oEJ9Aan7shFFDB96fg6N7unxWS,4,4,sender
net_00601,ByVRJz6Xk7NqZ2yhijStDZuCqB98xZDXaK7D8HgQ6a7j,4,1,sender
net_00538,Am5DVS8eVZP4ZkYSpxMzVkuWWG5AERKYMDrsFchERtJW,4,1,sender
net_00541,AsdJxZYzQHdmgosPPXtuEiktb2vzQgie1AAWGHgtB4np,4,1,sender
net_00586,Bd6iJD1QkcRDeTxxJbviHAA24igJtigxJ4WFBhkrfnTx,4,1,sender
net_00584,Bcu4t1SjSXFoqCrn3yZceUeMUuC9uoAPxxnAo5FEdJLc,4,1,sender
net_00583,Bc2FS67JFuH4Trt5Xw9J1qvUDqvqPWLpD7rRqADzEgdb,4,1,sender
net_00551,B5kQuxxZCfcHWAkgjzYCeRbLhr8Gdwp1vPmue8U7FVxP,4,1,sender
net_00570,BSAySiyFFkd48psFEwPWDYpx3kDDNLtmnntXPaJG3ZHn,4,4,sender
net_00559,BDiGKU1DB1EcCsvpT2pKgwygLBMcjg2QfSBjeKH26f6t,4,1,sender
net_00508,ADqmzh7nvQujTZpMytdEvD5UtePYP63kPmxshKVy2QMH,4,1,sender
net_00505,AChFTNXuvVaNnbE97e16n2ZYssU3PqJNkm4wPhPRAhuH,4,1,sender
net_00708,DXZkaF5ZTinQNhjud8k6GSaTJGWQDZ6W4x2ZdxeJdkrY,4,1,sender
net_00620,CA254QPs5CY5ynQ5c8X8nKyHt6p2FCwxMVKpPfUxbuNX,4,1,sender
net_00707,DWxg5LwrNZ1hsh3sCba45NroSDzmRoAkf9G75X7fuvCD,4,1,sender
net_00419,8kKH7jo98fT9zJ2JxteTFQxUZMXGT1HtZ1UyN4PmK3ff,4,1,sender
net_00432,8udAaPL4nrsAMKeAtsYd2Jga4Ag7eyX8fp7qifugwmoY,4,1,sender
net_00433,8wPcTPS6vH3MSJML7aitKvv3hzdqowsmQ4X6RcGYK6EZ,4,1,sender
net_00684,D8wBfnTZmdLPvuyeqf3ZSWi8ATCWQVk6S4qjYs65H2VK,4,1,sender
net_00678,D5UwtKLBxhhzq1XhUtnXhFFPq9hLpf7enJtfe1q5MK9D,4,1,sender
net_00672,D3wHkvJABdxadXacMLf6tN2tAkxrTF5ygvpwYo8rvGbo,4,1,sender
net_00443,97jv9pjCf5D7VUZEyj6XnXBC5JF23Vsagc3bvSF6GRmL,4,4,sender
net_00668,CzUNXQdrG8KDSqb2Tj2Ay4xuJWyt4oHBdAstMeshmhoZ,4,1,sender
net_00665,CwZ4MwRC1rikPEmPmx55s2so6UjN8KTdZsnQzqEbUn6m,4,1,sender
net_00662,Cuw8fL3jtmiEAVroEK7k3sYWhaHfyVcwTnoaecg6uE6E,4,1,sender
net_00657,CrCiUKVicN4H2A5QfSpDpstTvDB4hEXaH42QpBFr4Cov,4,1,sender
net_00456,9Lrc9p5LauK9jeSrgTMUYPC3DYBo7EAHvzMaxVbF7msp,4,1,sender
net_00655,CmUFawdxbrXLRByyJdjjh7unYyyr1GQtT6x6ugaPiwy,4,1,sender
net_00460,9PGpTLxTUV3HZgDbLokaCkP1n8oKNcPKk8uqzxsTKWJj,4,4,sender
net_00461,9QhgRivrzDs9np1pRc295dRwg4v9PZsbxPZMH7sEQeRk,4,1,sender
net_00464,9Sk8BPKJZjRRaA6LXnyawzcPBF1xu9UdZ7HnU3453LXe,4,1,sender
net_00653,CfumDPwfYn6m3W6fyzCMhsYkS2Uxpeu1npxZPUasV5nX,4,8,sender
net_00468,9Wwov6tjPJyRn9nA9wyp2f3bBQfgVeN9sQH1CRPzV3SQ,4,1,sender
net_00739,DwrXT7fpn4LCmZGujN3L24pW8xJuTCrjbQ33oqHsDotd,4,4,sender
net_00479,9iDBG1JfbZpDokwVjTmLm1CmKcRpg7edCyJn5Dass6nj,4,1,sender
net_00632,CKpxMgbXYcuQ6mWdDrhYjVdKsyw2dwZT86iBYfqAVe1H,4,1,sender
net_00622,CDAQ9RwDBdnn1LLcgTgbSabjYiQsnnKnxyYdkoMq7y4p,4,1,sender
net_00738,Dv8Mj2TNrwbQoVeQQv5boJ78gxaCGosciSuD2KqGT55t,4,1,sender
net_01097,xuK6AVSpLB1QBfVvZTDVQ8y2uKFmmeUU58JnE6oC8Xk,4,7,sender
net_00741,DyuY8nPz6E3vhjF5jMkGdoD82cuCTiBqbkDFkFuoaNoA,4,1,sender
net_00865,GAn4DfZeqq1HFUHwWwi1YtVRuvHE7uHC8LowR88S6oAd,4,1,sender
net_00190,5AycohXzYZv6VMQ5v7PcS8afq1RYVnDF4rALiT5JqvSG,4,1,sender
net_00743,E1YTJEcnju4SMbGms97JBQ69C959Ayw9tgqNzoTpJszX,4,1,sender
net_00198,5HQZd9ovzAF1TLnHRAq1zcSnXC9HAp3EwhoxMHvo8rxB,4,0,funder
net_00199,5JiZcx2vS9pCqU88wVP48tbEZnvFN5FSBLgLMcwKLUFp,4,1,sender
net_00098,3UNPM7X6LbmxUms5ij6zm9P7J1Ev2Wd7TwwXmYrPX3n3,4,4,sender
net_00094,3KAkSMmS9vigzXhzUzm9BowCTPSB8zchsuNtTAwJmWPZ,4,1,sender
net_00881,GRmdkPRpQ35Xw23moHQqaj9ZffX98MK7ensn2By1zWxV,4,1,sender
net_00206,5NcgNDkgpviy4X9jK938HAqJPUGEtS7pdhvTX5ntUsTT,4,1,sender
net_00208,5S3PMpMJ1cPVkaqcRiC6ZUR6aJErmzUtFiXxnVYndP15,4,1,sender
net_00879,GQy3JvLnkUpvk3bZNA73jhGnPw2Xfe8xBCFsPPYApBY1,4,4,sender
net_00085,3BUDS7gkmT2jScuUYEBxpT3eUHa4vcJy1FgPPUe4mY6i,4,1,sender
net_00212,5UojsMuQZ61Jcy625dpfuy5TmWdqYYMZ5BuCV2t73tnP,4,1,sender
net_00877,GLai5uzTaf6REaW4cWcPTXggL4bCdcZZuEJhyKNs9hn8,4,1,sender
net_00232,5pqmYNvWAjQqbkz5nEwtkquuJMGX8sxzRhDG4qTDVnfL,4,1,sender
net_00262,6CNTUrNZ49DHYsnqDr6MJF7Pfn8Q1u2SmAQofj27Wkhz,4,1,sender
net_00855,G3qEKEUEam5eKWEEuzk4H8RpSVd1p3PQuVFU6vzJAivy,4,1,sender
net_00077,32qiieH1sqhoKMFQsdZFRn5XAPdkGTBeqgzGCWW1XMAp,4,1,sender
net_00849,FttNSMnfQR1JHhUFtvhHESjZTqZUXi1w6dZjWxYH8QhW,4,1,sender
net_00242,5xQn1GbKv3gMoHSCGTFJJpDWDy1JHJEpKKfeS1rjgn3R,4,1,sender
net_00072,2xdQMm9J2mo2atkTYJa8CrrXdtjPtPhQu6B92sozTmUm,4,1,sender
net_01052,UDnctrxyeMQAmujQSC9aB29WxLFnwEgopM3s2duTA3H,4,1,sender
net_00248,62qEWURTpb8RNqoPCrjaoRcfU4PneigVKbiuGtin2Wb4,4,4,sender
net_00065,2rm9Z3EFviZsu46mma1FjsPuxYTh8n53sc6tJzaZgBbk,4,1,sender
net_00062,2oyZ7YvAmyovQAhSXi7BTv3LkRS74VRzEDs73hgEZJrm,4,1,sender
net_00839,FjNJNHvXA5aqKYG2Qoo4UddFg5oNdZPddNPCU7uQHTBc,4,4,sender
net_00251,65gujghPUpid2msTvr3XWWDVr3jYugChvnF1tJfpEisP,4,1,sender
net_00058,2kYE1ULquzCaWRAwHEkyjzs89TNu2Rp7PBeGGN52JZKL,4,1,sender
net_00054,2fg5QD1eD7rzNNCsvnhmXFm5hqNgwTTG8p7kQ6f3rx6f,4,4,sender
net_00895,GbbEi1sP7MDaQc88bb9ivoLfeFs3QBZQMTRmD6K5MwdH,4,1,sender
net_00899,Gj8ZAwUGkP41CzXMgdumf9j3H4HqP2kQGoMAptAVuYgZ,4,1,sender
net_00184,56M5F2FthGnS14Hmk4gfuuon8ZWJrhE7NKL76aTGjB4C,4,1,sender
net_00968,Hrw63NjnzgC6S3L14FfrKSQuNS3HPLe6dFzHXcf5Q81T,4,1,sender
net_00129,3zDL7jxoESzV5GV9aSC17Pxt6CuNswJBKo7jGZddH8N8,4,1,sender
net_00134,437FVUJKx6tZ5zyEb6ydJrtGgQwQKztKXq3k7BPv2TeR,4,1,sender
net_00937,HHSsLG4kurxrW7nzVqhVNbPApBGfYDdck2eiTkWR8qic,4,1,sender
net_00950,HX38G2GcVvTn2XcbV9NYU8mrNTiBaQDz3TnwciH6icu4,4,1,sender
net_00952,HYwns4mBkeT36CyaWA93rAev3ZthZAtw4niWn7p6rTT9,4,1,sender
net_00928,H7rpqKWnEdpbERfe5j7e7XsYAzHPrn2WGdsRwoUAcZQp,4,1,sender
net_00954,HcH6gkSLudLZTTU5uywVjf9wXCsXB3dT9Gs3iWxR9uwd,4,1,sender
net_00117,3mPS9F5Jo4TH32ks5cavayspdZpjgGX366fT3UpHY3K2,4,1,sender
net_00113,3jRejbpC3b14DEkqXuNGoLxaN64AgMjo7EFaUrMJfrGa,4,1,sender
net_00919,Gyn3DEeqX2WmDzbJe6PNVZELDAK7kbxjCtpnd45ZzBBx,4,1,sender
net_00151,4MvEdxTB2CTKYuiZTn2URrCumSFABbZZddEVFGFNZzxb,4,1,sender
net_00112,3fLn5EWtYVJtfwhsyuFmM16DEUwdqo5KQJgtvmWxkvh2,4,1,sender
net_00152,4QZKwGfi89d8obuERuycCvdqKzLiKKnAwUy8cTYDnHLn,4,1,sender
net_00915,GwyFkQiUgR54nJf6kYV6e1zVj5zvwmPUUG2TzvhBPEiv,4,1,sender
net_00110,3f2ziwWZoqe9cyxR9uAZkD9v6zhh2L9kKKGoqJtpRWPD,4,1,sender
net_00962,Hjkwp3pLSc8xisFWP3K5eUP26eEKnmM7Bu92z3Tw5eZP,4,1,sender
net_00106,3aCB9qgVeSZaA34vLabmmErCDKg9mSbUsW17rceDU2ht,4,1,sender
net_00963,HjuvLWkeoRVuiDCVjZeWrj3cYzG2KV9CExqEJqJQJqJA,4,0,funder
net_00160,4fTbqjnQmRM1awkTpefPeUeci93ceDdSimzs9SQqMy9d,4,4,sender
net_00911,GuzRpKyUt2n2H5RPsprE9F4cZm4NjYiLwRfsRo37qfKQ,4,1,sender
net_00910,GuJJfPfh5NwpRCpe4wRQ4rm15afPa3UZC88VMKPi6eFe,4,1,sender
net_00169,4q3wbhae7LGCk6gJ4d5tfTS3BPDmH8E4BkHBnbYQwKBp,4,1,sender
net_00906,Gqc8zAwW3wPjysNk4KSZDYzm3erQ93asb9DagUc1gQBg,4,1,sender
net_00965,Hn8ApU6WfFU2NYD3Qe6QaUEq98PoTnKCMuJs28PRfiTm,4,1,sender
net_00173,4seMUzrkfsUEHdGtiWfKq7iwfNyMgU9TqNtzky3j7BRD,4,1,sender
net_00180,51BQM8XnuWXk9bvyXE7wEC2amzA3KqjAENHcdXuX4q9V,4,1,sender
net_00902,Gnn3ME9TAVZYDzEw6tqW6ewxoSuFLGmZXi79rzJcFoo4,4,1,sender
net_01058,YuMnMyY7Y9bNrGiuTGxQZsTSzdFuR2ssZmRNtGJ1VMp,4,1,sender
net_00059,2nHQCYwycJzcTbZYQBZbk2yr7kszW7fdrwCwoWf554CM,4,1,sender
net_00126,3vtyH2uWzuJtNbcbNnXdth44Ew4T1i6dauDpy7ofgvK6,4,1,sender
net_00765,EP5Dhbg2nutHqBvWcBVgnjHaczLaFaUpQDBCLTcJsaqP,4,1,sender
net_00039,2P8Xp1vGd9u9dmfAvbivWAqpzfUJyyrBEFnMNy1kXw4Q,4,1,sender
net_01067,cum7AfVzBKTz5S3wXr1B7h4XngkG9Fj1LbwwgwfAyCK,4,4,sender
net_01068,dUASb8sL1dK1YB7Vd4nL7t5Bfr27Ch3Aakp16Uv97Pt,4,1,sender
net_01069,dshAybqFXYVVTd4mzy9Uk6KD7km8wE9iZgPMYZdzEXc,4,4,sender
net_00310,6xLfgtf8FustSURhoc1BPQxR8oDydsY81p46Lz21fzbD,4,1,sender
net_00786,Eho1VcrohByFwiNbG38ybBGbnXxUMJKKwMSmUUEECFcT,4,1,sender
net_00312,7125nCF4kQukocAJX9YDKDCPZSXp4szXdjiYov4EurDq,4,1,sender
net_00344,7VAMTgPaKNMdMbd2o3YbysXQpXd3cbVDbp447vkYuJsP,4,1,sender
net_00315,75cffuwSBncu49G2w8qbTNBHGvs2aHCryshUxn7RD5LN,4,1,sender
net_00316,76iXe9yKFDjGv3HicUVVy8AYxHLC71L1wYa12zaZzHHp,4,0,funder
net_00782,EePpkywbFPWrjrfDEYFkZRGpRmy4caTvHR3rGHAAXoFv,4,1,sender
net_00022,2E8pj1XKXE9H6sKJc1bP4W9MuhpKUTDjJtXssu68PgUE,4,1,sender
net_01083,nrjGSofnagxArsQTa3yqpa4QXKdrX1CwtQF5o6irRGY,4,1,sender
net_00323,7AHcGqcu7AyUqVmaLh5pSanXCqV2Wy9m3UZbC4Qdzgda,4,1,sender
net_00324,7Aktdr9gd2aJ3D4irQtmxunwxpSVt86JVguxsnPfqV5b,4,1,sender
net_00325,7E3DncvkYn72hbHehkgsmt1YE8X5UMfNUXF5dkoWremv,4,1,sender
net_00777,EbLAhGuRq2U4wxEvd4wGxu9EX7iSbfvemTb5qGVGWVJa,4,1,sender
net_00019,2CMLoESxoGbUjPkSg46igdZUtrgHhYCzhpY98wWqAzg4,4,1,sender
net_00340,7Sb7bakazZHn2nzjDFGx1tNVLFwCayE5BWY4cT7kJjHp,4,1,sender
net_00774,EUSQnyGSTKd7YAMfMb33H47TroZCPPvrJZ5YTYPnCutP,4,1,sender
net_01079,kgguPdLRq3GzZJesr6JimZ7rSsfpc2wkEKVX5kMsuPJ,4,1,sender
net_00772,ESFRkWgHfRtVfn3WP9Lj2JresRjhWy6UpHn7gg3XuWqa,4,1,sender
net_00769,EQ9CEUcgpaEjJTnrf6JP7nyNMF84oFPrCyew5A6oDHMD,4,1,sender
net_00338,7RC3hVGoAzAfsMTJZU22RNr8LMNgiBFgq22NQePUKPtb,4,4,sender
net_00302,6rb2ATKdXodmjT5fVeHgakVvuGxmCSPvaxUMRXs4u5BP,4,1,sender
net_00300,6qRd9V2G1aR8sMnB4X9wcFiRKE7TmV8JWevSFk3RTBF8,4,1,sender
net_00283,6VsMQKFmT5dX7wtdkS1rEZevQzSjVvDYX3AUBvzk5jQg,4,1,sender
net_00299,6pzGyhKG4LKrLCKdtp9Q5xFd3QEX5N1JZuHqKkgmRVn6,4,1,sender
net_00048,2aPtuD1p98AgAqaKXdr6MiMKDerrJV7yo5jWPJinVkXC,4,1,sender
net_00047,2Yk2bbeJEMSAp4D5HgFEQTimN7cQjiyYx4fS9p9fXw46,4,1,sender
net_00269,6LAeMeYvyo9aZSgVS6GGeUAj3rbae9okVot48i3gdttu,4,1,sender
net_00744,E35uoEGT6mR2ae94KNuSfk4X86y7bcNeomDNV4T7GaFs,4,4,sender
net_00817,FEbZZSdqSu49upjagELvLfefMoafJzUE73ZJGgXPbrYU,4,1,sender
net_00276,6S8DhgTsdHAXM4kjS1DsBzHjxYG9ZSHLnCFr4ZYt6jiw,4,1,sender
net_00278,6S9p357LBZhTToTpLSjvQut6hQe2rcmDzLNScUQFxU4T,4,1,sender
net_00745,E5GRg4YdU7GjUJwZTXjB1iKW1k1NAqt6B1M8xjFMAG6i,4,4,sender
net_00814,FBrWrboKtyi9ZMNRVqpn4j4HXCWDwtTTCDQbdwqVZsK5,4,1,sender
net_00565,BM9CcyErJcu2mjrFvUsRRrD3snGeHDDVirJLvL6EjvMN,4,4,sender
net_00015,28fHCroY2x6YeyUFZMc7aW7TKt6r93wb2ToNnCUcVkRj,4,7,sender
net_00040,2PZ5vdi6pNLVv3K3MRWHRKwnarB92ETTYSXaikDYXcNR,4,1,sender
net_00760,EHPiu8RNYTiqhwN57wpp7ojeHSXxueQ7SdhvXQWnhrAo,4,1,sender
net_00043,2UpsWaKk9VNSf4hDdgmSpyoDHGfeN6aWMWV4SMY3PWX5,4,1,sender
net_00298,6jVtVi9TpXHZ589EFig6AK1h63pSrwWmudnFqeQAdEcT,4,1,sender
net_00748,E5qBbFyZCYhUr9BCZLVazRzYPqF6JW2mVYH3J2i7WWU4,4,1,sender
net_00809,F7p3dFrjRTbtRp8FRF6qHLomXbKRBzpvBLjtQcfcgmNe,4,2,sender
net_00804,F2uucvt5yoh4a1sA6G3ih2WLZ8NaxvmJhCXgdjA4Ns1U,4,1,sender
net_00351,7bcaL5ktpQs3rLNAd9ppvKYoF8aSsMAdD2LBfwL9Ewzv,4,1,sender
net_00295,6ff3L9LYZrsfodCJkkMK782wyj66Gag5EouoRNBMku3G,4,1,sender
net_00753,EAoAf5doNHHQwyAhQ4NzBz4PE8VnDvH6GYLy5XS96QqP,4,1,sender
net_00757,EFQNJjeEbmpGeTeNyPZxgRTF3qZnvNqhcrHXpvUhpDo4,4,1,sender
net_00947,HUXBd5a51g2yJKnai92DgMDZZgHw9Zm9sNMwMuXMJYqR,3,1,sender
net_00567,BNuebGMyAsrLytsS13whc3qUqbnM9mVwUJcumD31m5zA,3,2,sender
net_00949,HV7FyLPwHZTYJfQogWe1z2DCbAozfa3iQNZPc6o4bB4j,3,1,sender
net_01090,qNGhUruCGJpXJdsnV74USHErcbm3CrXRsnP8D6Z34Hh,3,4,sender
net_01087,pohJj8FSmifd5V2kpgbzekrnnwZ89LmDg7kEFEu5vuW,3,3,sender
net_00959,HgHpXpwKDgjTyyZe3RyZGF86XBv8Q3aLDwULmSd5cndv,3,1,sender
net_00597,BmtfndFqUa5yPNLQQNZYtfkV2bfTnDqN6NsRPMCtzGAb,3,1,sender
net_00964,Hkcj9M7w2jVPL2Z5FYLXY52oPVZWsoodgRcCorMnQZvo,3,1,sender
net_01047,RZa9cGkpk71NJ2A2KP19mMMGxYABRhqMmsxYHip1aPm,3,0,sender
net_01056,Y272xmfGzsRUkEahhaPi1BpQLPX3wjf5VcGnFWaftgx,3,1,sender
net_00944,HNpvrDnPHL6MQHNQtNWhDtX7hDAVDqXujJ7ptZ6gtrsr,3,1,sender
net_00591,BggnH7CGFp4XaWcYaxEt25rBAa2r7vnZ5NLQhXbk142Q,3,3,sender
net_01061,b3ASQeKU9UL34qYMjaHKFMg28uxrs121YGTsFWuMkPW,3,1,sender
net_00604,BzptHNAYRzB1vdDSrAz5aeihh6PBHmRCuszXjo1iGrpN,3,1,sender
net_00588,BfTXR9AzQEAo5faCFAajvcPW5R7sW4Thh8jqAmC8oRW8,3,3,sender
net_00989,MczXVAbkiYuDj5o1F3uaeouKto7hF32JnJ5wnnSQjLs,3,1,sender
net_00966,HpTULd2hXC38mvoacE8fgRjgRREK7frh2YvzMv5qXw64,3,1,sender
net_00607,C3Y3d4NDkLLqKgspoyqfF1ZdH925pqbeSQau5L4Ayw1K,3,1,sender
net_00988,KZUoeqr8aUTVPqC4wrijvZSSvzTuHhXJC9bcBTBobbY,3,3,sender
net_00985,JDQKDrc1TQgBRvdFh56tkta5sYcDj1SoP52Eiu64rSrT,3,92,sender
net_01059,ZAyqrq814r5qB7gwYFo2BpcttXSp8TYdMav7gD1dEtk,3,3,sender
net_01070,eHGKkTtqPsSicPkGUVccpQqiFXMWBGHAbSvQwhNf4cU,3,3,sender
net_00576,BXW17nLMw7D7HeeJokoKaDgm9AqAimKTWC7yVtRGnwh5,3,1,sender
net_00582,Bbw6k8tMTjmPXkNGikZQKdmGJHujxjviZZEjFpoALgrP,3,3,sender
net_00892,GaSy5BhorbABKcSEg3atkXGHs9G7Aqhk81iEyE7gTHtZ,3,1,sender
net_00942,HLMpPR55z4WRFrXQHvpN2No3Xb2uTwsgb84j684vfttQ,3,1,sender
net_00836,FfoZr8Z7deECDBCridwGY9ZqMWNgngv2EdNjbM4Lzg31,3,1,sender
net_00833,FajxNukkjDLGXfB5V3L1msrU9qgzuzhN4s4YQfefSCKp,3,1,sender
net_00830,FYdFmU1fEArNHMJG96YPYXZJJkDQh7UvCLkseZ7XtBGz,3,3,sender
net_00687,DCaBupArfX7mmtWmxzhfECi6mHTWbnMbf94s1Z3TXA4N,3,1,sender
net_00688,DDDD2zvzaPMLuZiC2Vos2i6TLFjJJ3bi1pN7kXQc3R5R,3,3,sender
net_00829,FXnpV7L1U5vP5Rr7MBEedCvwgs7E91BT9WVKr5P8chBX,3,1,sender
net_00828,FWzKKbATUE2SHwzGii5FWa91GTxKBV8pKqzgX7S937fg,3,1,sender
net_00690,DDEtMS9jE4o7Ce5B88fv1sARz9jF71bxEKqfjEtEqJ47,3,1,sender
net_00693,DJwbVx7fpto82468QYQGKw3CXmbyGx8ryUfBK7qnvhsW,3,1,sender
net_00816,FDU4zfyKowJvDDkYxVctGwC3by4dh2zrSaDf6EPGFXJn,3,1,sender
net_00702,DTcJ8uwWHctNssxPXq7YD1YUrnKtMC2xyehq1wSUu39E,3,1,sender
net_00813,FBKqNgmKrHi6cZ9wVwmtmFk5qUXffSe7gxeno5UxFpyd,3,1,sender
net_00803,F1pkUF7w7AnheLacHRGoaX71burvpstk6xGp92xUHKNZ,3,1,sender
net_00794,EqL7w7Jgj2yUYPsqRAev4UxNYuKZ58J8TuLFbeTCzgJ2,3,1,sender
net_00791,EkkoQcjhj3aB6BUStoRACVqV2uMTKsEaEf8e3AgDEMiM,3,1,sender
net_00790,EkdPKyue3KCuiSKDAMK4o8HYcTuEAvXrRjP8WAhwMhPY,3,3,sender
net_00712,DZHcjjnP8Uza8DFpLJNSANMgdp7dHEmvz4QZyi2W9cvg,3,1,sender
net_00785,EhHXAQ6Ufpe8bwMETDAmHQhcymxyX54URrs2WEamanF5,3,1,sender
net_00781,EdjwdKgwfX64sD5ukW2ap686bJb2rrBiUpV7wKQwCqMm,3,1,sender
net_00720,Ddx9iAUxpFZxL4CVDXpWDRvpBcHnmD6uAdjngJMtxj2p,3,1,sender
net_00779,EbfBZ91h8gsQWaKAHDcNsuqNcgV22h9TbW8h2yTZJw3e,3,1,sender
net_00775,EYZBDPVuodzAt4XyzKCAk2YNdNifcF9QJpPjA6rW42H4,3,1,sender
net_00773,ESfQWrLqgHukQKN5q1rboEqcjdajgXrAS5EganeSyGoK,3,1,sender
net_00768,EQ1qx5mxMVQ151sjWsokhCT4jwvV1FjG4BtqE8uStBHn,3,1,sender
net_00731,DopeV555n5H4vwgXhqH1cK1jeh537gVQes6bvxzk4xJc,3,3,sender
net_00732,DpXvKhy9hgfjwn6yZVK47NshY9111BPwZ6PkEtgGbPnG,3,3,sender
net_00764,EP4eybwbNifUHFxgTGPHVqLxupSfgWncmiiSCrEWMNE3,3,4,sender
net_00735,Dr4HqfbaYkTxiMDWXcxmrpDtprRfvv3saSoLAYizgSQd,3,1,sender
net_00685,DA3MSNhMcprozzhD31FpuC76T5CUAs3isprMDN4FeL4n,3,1,sender
net_00682,D8XJF3tCB4UngsS8sV2nyfBmEx6KKCkym57Lx7Y2ZTXH,3,1,sender
net_00627,CDtmh6XPXNbkxaUpZ2nESVnWi2h6ek1v3pB4APobp4oy,3,1,sender
net_00840,Fju16NhXgnGjm5ULqh5RxSMVfT19VYMFdcTTTHHbuLSD,3,1,sender
net_00935,HFtLu9Qy6enFdqVMq7o6vqDiZLeUiMXcX4bkpY1QEfmA,3,3,sender
net_00934,HFkHGwAmhykkmuVLQ7YQTTiiZTb56T9VURadc3AQUNY5,3,1,sender
net_00924,H4tbXj5BGgTbGzon3DnKPGEesA6RHg9JujxeP96uAM6J,3,1,sender
net_00630,CJ8aKvHAvgNcNV1vRzGwRjQEETpZZeWiDQ2swMMHiQTx,3,1,sender
net_00631,CJHvTXmtMEusdUwNyhp4fXjau11QTv7WcDmU5tzKc4oe,3,3,sender
net_00921,H1F8FQw5nVdwcPTx8dUFry2vzLpQNihPxWP2bkt6Nm6j,3,1,sender
net_00636,CNDZQTR1y5PpfbSJjL1ys5Az4Bq2nLGfxaAESMawdt85,3,3,sender
net_00638,CRoJ2YVZdaFayAvrZAqjsZDXKhj9jQsJAPDqJASwsLNo,3,1,sender
net_00913,Gvcr4a4fqeGSGBPvEYZHewguyXEvgcLivjt3QLN4Cd4U,3,1,sender
net_00912,GvL7GNGXMJw12Z6aVxnncj25KxhxT1wz8ecG9NtquRnw,3,1,sender
net_00640,CSEncqtqbmNRjve42sNnbs5cCSmrjUNsAEwc17XY2RCs,3,0,funder
net_00644,CVesMaVco33JQpeGVQNeKZSWGTCzJ8moec378SkXjM5T,3,1,sender
net_00905,Gpqh1gucaDtGJd5VpNL5bwgvkhNPNio6y3N4qpGnysEp,3,1,sender
net_00652,CfU5xKQCKiFiWpt258Q4THtEEgYfrNgbPPtHfvcH1rHP,3,1,sender
net_00900,GmVXYqG4qv7Fewy34zMMvqD7GJQuewm2grJEtjQaqSmQ,3,1,sender
net_00891,GZA5STxZvB55gGMkpgJSbT7DuZGZbFQ5idXyV4nJGDxd,3,1,sender
net_00884,GVNMCHh2eitMY9ANnuB2Cb4LizM21VYE1511Euav8qeW,3,1,sender
net_00659,Ct8kxWQn3bDzRjxihXDs81aQ8GZJS32kNYrUCHQA5xxA,3,1,sender
net_00661,Cu7WjvgzTxzN1Hxgm71QwmyapWapbBUq62sdemhfM34t,3,1,sender
net_00873,GFwC2WoVMNQMq6ktcXKjrTdZ8Z6tsJmiw6L8EEN5LLnV,3,1,sender
net_00872,GFYmvPSb5kngLEb4AnfyooyZuAWWEinWHc5fvUspBBc5,3,3,sender
net_00867,GDJSmuthDSTR9FvvxwUVaWKEfeu35h8LzhDCHnohAZW5,3,1,sender
net_00858,G7sYZ9gShcn7ioCx1pVZnre4fsL5oYyCnKxUFVK4cy3B,3,1,sender
net_00852,FxCvr5smZK7xw5xCcFCA6Ynjnzd34Hhbn2gMwN2DezaS,3,1,sender
net_00844,FnTLfoGHmzAEqMWa59at5dCN5caZMLtXwxbEqXpg32Hn,3,1,sender
net_00843,FmyQZtBSKyCeYaSC9gvjiM4K1Mn4nceMdivqrFE2CB5J,3,1,sender
net_00842,FmCT8hkZHzYqbsUjGjmQjUVZZ7kVHeX2osAXSRY3KJnQ,3,3,sender
net_00566,BMgh6drkRtvdHJX9EBSgztvby6UEVL1yKzQvS4DkqsaT,3,3,sender
net_00001,12VEffWAX87MW9JY2BfWrvHg3uZq9FG1rSKGwaNNkJSr,3,1,sender
net_00088,3E7wqYvQ5iYsCiMpEnfF56tLfRzdvVfA4qaM7i8nsQXx,3,7,sender
net_00348,7YQrDnzGoEHdhv9gZzbyXvPSWx8RvhVVK1SnsaK1qZUi,3,1,sender
net_00400,8RUpCBegp2MjAPSgZYaZ9Qj7gEQibyvQC4Md5rNxiMxF,3,1,sender
net_00474,9e2p6ayBqbMnUiZL68L1kdZdqZqK7aHYxtUXoA3fhrXK,3,3,sender
net_00275,6RyDUxwP28uPsYXxzuocsXFwTSgp9K9KzZdpDUYEvbp1,3,1,sender
net_00125,3vefoGNnnRQiq6M9XT8a9H7UXdHTPc6mKBA6FSTRLYYo,3,1,sender
net_00346,7XQyoTSoEmZYJQHxtERJ8S7QjJkyaTpgagzHykQyukJi,3,3,sender
net_00478,9heNqXe1EFQzLQL2NoByCp4Zf8xPaJUraLJUdcsWnzJ,3,3,sender
net_00347,7YBd9aqfZgYngQcwSjsJhZpvfypefPcyBzCoMUDkAGna,3,1,sender
net_00268,6KfuPNCmKN4yDWUErBrXgogCnDpofHFeD5TcFkXXBaC5,3,1,sender
net_00090,3FSbptofY1Mp58YXoUErPRggoKyehoJhsvzQMJ9KZM2o,3,1,sender
net_00483,9rQuPT2pCWyfVekQQ7UeE95MyPxinc3DGzmKgA1gRuix,3,1,sender
net_00485,9udqZzePbx3N7917LK9PzgxrDqQEQDECtLc8KTYCNghX,3,3,sender
net_00265,6GJ334ybkv7XEEefTKg6LJggAGaaozJN2afU3KezF6fZ,3,1,sender
net_00509,AFxshUVMkHJwNmA42ixn4RrGDNcASjDDN4RJFSDkYjro,3,1,sender
net_00076,32faRkALwqggJJnXkc7Zvoz2SEp6TvTf7FX3YrJvCZjX,3,1,sender
net_00489,9yMwSPk9mrXSN7yDHUuZurAh1sjbJsfpUqjZ7SvVtdco,3,4,sender
net_00093,3JvBY3qBoQWVYYVbzekZyvbL12qKS1KvXSG7BrvHk7b6,3,1,sender
net_00491,9zvfYkug2B9Sm6zh8R7GwkD87jVb8DfRK3CLymetffvd,3,1,sender
net_00492,A1pTHqgk8QQdP6GGnbmFfSsKquU6MJ1ZGMtUtQRmL2Ar,3,1,sender
net_00264,6FLrfif7V4pqxbZhNeNKpKRxRz5aCs8VhE13RDCmhr4o,3,1,sender
net_00263,6CYqnqZARUdW5Kp4s673B98q69dGvgBwTLSBEKoNt3Dh,3,2,sender
net_00063,2p7PK35FeZHjmsEyJSiDgnoPf6FFCW8iwm9B2vtM3ndK,3,1,sender
net_00123,3t9t1Q98Z5edthGo3cQXPhuL1Y8tPmWryqWQcK3gWe8k,3,3,sender
net_00388,8EcnZXHXogFWiZjUBhDuNdjeUisFqH3GDfShN4ytuLXo,3,1,sender
net_00503,AAoZPKZAHB1PU7WxHvD4EzSPcJp7DsQxRD2i8JRetqsD,3,1,sender
net_00284,6WD1L9v7sAGLu1EsAF7uerwrGPysVvPEqAttWXnrXuuM,3,1,sender
net_00131,3zysqh4mcdoZ4dDpnBig6rPxPykbrZoYnaMXSWRWWbSu,3,1,sender
net_00086,3Du3WBZw9LFztJERhtUr7G46WyHMM4XVanmGSq3wExu9,3,1,sender
net_00463,9SLPTL41SPsYkgdsMzdfJsxymEANKr5bYoBsQzJyKpKS,3,0,funder
net_00146,4GDYcrkzoSMzyW8gU9jVnwbKq8NLDMk6gMTyrJBKNfS9,3,1,sender
net_00311,6yVG1yjFwSNvwhmLAncdMzgLMBGc1zTamsDcnQwuNCHV,3,1,sender
net_00140,49PwEy2B5eeumwPjwQ2usfpFx2GAPYwjAnghkpeB1uoL,3,1,sender
net_00418,8jxNyGCPapK9FPkybNjj731DrDibhxvwSh958gVwxX2d,3,0,funder
net_00150,4MjvAyuar1TApr2kqExy6HXUJSC1f1qvSfk3njadkuuJ,3,1,sender
net_00307,6wQ64eCRE1AVPC6w64PcPjennzzM5Wq4iYnfogNHKGyN,3,1,sender
net_00306,6uKqSEe4dKeGKjEFT2cL2VR9C3fuwuf8LLkwo8DnFPn6,3,1,sender
net_00138,47RhSJd1CQQrajvFn6DX7h47uDJVk2LR6g1vKYZG7Tyx,3,1,sender
net_00304,6tiCmKTdeHS5dnEVhGRDuASyjLSfWqYP57Mti8FbLH5e,3,1,sender
net_00335,7NaGovxorFqSM1YnpLLjkurVQw4FK5CYrLadZxwZxyZS,3,3,sender
net_00417,8jTAkYRp3f231iNApzVLxvTCSMMUD5JsBiLG96RYYck8,3,1,sender
net_00415,8h7qr5oNM5xges3KcrEXpytURyh9yoKFQK1zghJupByu,3,1,sender
net_00339,7SDTtjinRGKQof3945UoQ2SN9P7yKLgrh4a8297Md2N7,3,1,sender
net_00294,6fb99QjauGt9zrJLZrfeofyLyjVzyS4nAvx9pZ76cTUd,3,213,sender
net_00166,4p19YgTkrXdBGJoVJKZ8pFyEUk8BpMnReH8A6fxonJvD,3,3,sender
net_00170,4q76MCAyD9BfLGrijVcTyzMYuuXX718Rzt2ADn3Lfovu,3,1,sender
net_00412,8dtx2tr4TuJsYpri2suggFu1pg3DVjFLBBVmhtDy1MEF,3,3,sender
net_00452,9FqJE3E1RrnVriC1fbj4bgdKv4XR3Sf42gzF49Uq8Hc8,3,1,sender
net_00081,396f8Krex1M26FcBE8JnnKPirGB9tZe44uc2Mkco62sr,3,1,sender
net_00083,39MaiqXAFyFHMB2t8xhdDtpeFazRcdZ1o1Sw5kHDsbhQ,3,1,sender
net_00454,9K2u5vnLsQXv9zrsdSHJCJtotiQMHhxzX147Hka2k8in,3,1,sender
net_00455,9LBWbhRitWCRvfoRM39ZCCzVSbcQkA1GiHQKNRHqPn4L,3,1,sender
net_00405,8YoSTzisx6Wtzn8YarKZAnoaMe9EJu7fTGdyB5c1JgRP,3,2,sender
net_00052,2dWB12h3F3mmbWiCaTd26ktjYuAGqrGy1NaFtarAwEDZ,3,1,sender
net_00070,2wNL5Mj26iDj3EUsq6HuhYWEPk6abiN5xZiQ4MYGnKZo,3,1,sender
net_00355,7f8J2muhR36To55J68QGUKWCPTE1vY5TiJmrFpc8LjcU,3,1,sender
net_00018,2AAogKy2RqbkyHP22KUHtsyt9XZ9bGgzhHFN5zQoXhFM,3,1,sender
net_00362,7pDsDkBHYdkUYJhwEBB9JNmjvwD7gbRAzbf6RBkqcjv7,3,1,sender
net_00239,5uY2HLWarC4S68YemNRAJpkZK3xFVRA727PrLjtaTfzo,3,1,sender
net_00221,5eoQfvTvoeuefNU4wcmq9xC8xNKPyKyTRwQkQ3LsYxT8,3,1,sender
net_00215,5WoDDCqfW6zdo2XCyLjmAaDWtmeSL4f8L1mTBXD6XSUi,3,1,sender
net_00360,7j9ZTQdppB1QLDaKDV5NVxHg6MvonjApvLHi7Wg5W88N,3,1,sender
net_00016,28hWWzCGT7safiFQh9Nn9674ofkg9RgwAyBvHQvKLxPw,3,1,sender
net_00543,AwAkVwm2eoziXA1MjzHhthhBgShe5Qgu36Wtzm49XZvq,3,1,sender
net_00201,5KUS5aDfY9cRqEgYgToSs82VpTBvTUve93gFNrfggBCx,3,4,sender
net_00545,AyumSVydC5Y9QGZHayU2KWUvgBHMveWr51nt13DDH3vU,3,1,sender
net_00006,214UbVh7C3KJBqL2GzmaiX7dohDJb3tqzMw636adDfT2,3,0,sender
net_00546,AzVtwMKXF2p5JYjq7GxGfG6FpqPxwjeCcjtTANbREyXC,3,1,sender
net_00007,217zypipBzqeGUrWET5AT8cPWUrJ6nGU2tCjswGKVV3h,3,1,sender
net_00237,5u438bY7vBrZVSjKej1TEdGSP9AkRMWUyPzG6A37ipF8,3,9,sender
net_00554,B7jZ4D3m68buADTAdFFMJ1scbTmSEzMUfLBaH9cPovTo,3,1,sender
net_00548,B33SwcsA7Puz7e9jFdfRPw3Xq1vZP6UdDaM7i2j5Zdj8,3,1,sender
net_00002,13SQroJW8hbDVqu9kMGyb3qbvDgMm2VZzdjiLMtHjFNt,3,1,sender
net_00234,5rCsAct5GCKsHSFiry2KvMzQsmYZe2qvorwTUyvuMqAU,3,1,sender
net_00552,B5yYbaTpk8EtEjhygtXrCtGz6gFXHb54QW9SZf2beXmy,3,1,sender
net_00356,7fjmuWn52yvZtGjHPaBAS4eANRtd8Rs1UK4Mq3yDGK5,3,3,sender
net_00010,25L8LxJHKqk12KMA7qZWmD8KQaKooMf24dWFH4wMuACw,3,1,sender
net_00230,5o11YhKtf7f7r4GT3Ab5e2fy7brYFkrLNSXuwn6BuPyf,3,1,sender
net_00378,85sseAFuDmDZeDKLY1zcPSzxgbfC9u1cGncxrjg4NxAU,3,1,sender
net_00558,BCagckXeMChUKrHEd6fKFA1uiWDtcmCXMsqaheLiUPJd,3,3,sender
net_00359,7j3B8e8NB9AXEyd5xUqEM7jJFM3ZHbowo1x69KcfFPHA,3,1,sender
net_00046,2XGKLQBurhcYc6my4qJPRgMUydy4GtDEzZFL5cw3wGzt,3,1,sender
net_00045,2WjDXazw26mbhD2fYnYaj4RqkJN75FowZJ1XsCCzKFeH,3,1,sender
net_00224,5hkx7tthK7omexki8THfbSNLJj9LJHHE6QBLs9X5hydR,3,1,sender
net_00204,5MYrszgorGKXhpacp7pNBxBje3McJPoXFqxhqKoDoxB4,3,1,sender
net_00205,5Mz1CdY16mMY97GmY1eE5JrYr2SM5n5J9Q7c6A1Ny7q9,3,1,sender
net_00250,65BvJT242ozV5yzKhLvE9xUPnNy3tkEUkgwhxBP8gpgA,3,1,sender
net_00539,Ap2h76tcUkmyCLhXwfHoXoGd1tJtfAZ4nYpGcfYEj7pf,3,1,sender
net_00247,61vWx3nxW9GRB1vBbZLDtcGyKQZpo4uBT2QL6o74Nisy,3,1,sender
net_00211,5UUbutsLFJopqWLQphYFBSSJpRvvreXExtacijZU5XkD,3,1,sender
net_00528,Abf4F2gxErFGiazj9H9m7BLn1LGQfLoeWVVESHHnHCo3,3,1,sender
net_00561,BHNnYCAeqiKeRwjZ1syY2uNew3pBYD9qKPsrvAKk3aXv,3,1,sender
net_00529,Ac2gr44nU4BUYrpqDVvCevNxgUwfmg2ezMjGzTNM1uw5,3,1,sender
net_00515,AMU1dpTwJCiEgMmSKe5UYxhaY7Pet8sQN32jKaqHr3qA,3,3,sender
net_00225,5jGNQZ1PdXpYNwaxfnPFkJ9uzB2dZgr1ABbTVgZJPNyx,3,1,sender
net_00536,Aj8UefRtKAY4VifiN7hUJG1oxY2BXMFSWyg7WN8p6ZVK,3,1,sender
net_00023,2EXaSaYqxQ1jxr1kC8HBTApXHNhYftTbRYhh2GQXjtyH,3,4,sender
net_00020,2CNA8j9zfKtFUvnsbhrmj27NA8ComizLYWT3cweTmTbZ,3,1,sender
net_00203,5L9uxQudYJWsXBfJ5VjuMAMpXU1F1ikkBg2Dt3rv4i4M,3,1,sender
net_00930,HAfgRjuxEztuVa5ntRtdoBkC337wzr56GgXfYfsopyNN,2,1,sender
net_00932,HF2Lw2tYs4B3y1iqz6iw2f4wTjrn14KppvAezcm7TAT3,2,2,sender
net_00931,HBkgq2seuoq7kmZ4KNfyWXWFVCrZ5MZ2HZQSDg2Pnjvq,2,42,sender
net_00933,HFKkUnLqtWWULhED8feXtv6QYUKEetS1SvPoo6AviK51,2,1,sender
net_00936,HGZnLXib1nUPoRPBQBabmpjpy8qPkFSQv2yqZbLQGncr,2,2,sender
net_00948,HV1KXxWFaSeriyFvXyx48FqG9BoFbfinB8njCJonqP7K,2,2,sender
net_00137,4615MTbMf1Zt597SAYMp5gZfyeoYEKGjPnnRaBPzjiX5,2,1,sender
net_00938,HHjSgUASknjsgPJxSTgj3C8GtAHp2Zz9Sf5GsnqxwXgs,2,2,sender
net_00121,3rSpPSo9aWc2mAqsn6Xbh8ofxaVMXCvVrYgd2BYt5XA3,2,1,sender
net_00141,4BEPP81CCjhLMsVE9LEdJdvxz6ECym7mnj5KwPqFhkrS,2,1,sender
net_00120,3r5e5JJKAFxhpXXfXrPTDxMYCmTNVndair9S56oRgcrB,2,2,sender
net_00951,HXRYDBZyaHT8YdXC4F9QkUzRD75KRvFGEDcQMTuUGh1S,2,1,sender
net_00946,HTATV93wbXWzhT7dguDMxBzkeLB6GSL7ZTM75mM7GhU7,2,0,funder
net_00119,3r3vhXn76mjGtzQkspRsHVgRevyu2hn3X6g2gfWAYtXR,2,0,funder
net_00953,HaLraq38StWCMPVw9j2SvtR19tGpJghw1CHem5L5pDxV,2,2,sender
net_00945,HQBehKS9jmquf9tcYUfMaosqqLQXmp5fL6eGMdvbz6TZ,2,2,sender
net_00943,HLSHeeM2Q141C4PEYMeeKtWeP4uVQeYsk4fmVCMxhi2F,2,2,sender
net_00128,3yiFstJUjED9nwTA4Uz7sczKBYhVyChv9rwx9dtfLZ9u,2,2,sender
net_00118,3mvExPNbnxP1xpMk1V8bxh7iB13hV1ZkzKaq3kwjkqBn,2,1,sender
net_00135,43SnFDEWqDGv6inBvN9LPChrfATHYQYFVDiUG7y3uEDi,2,1,sender
net_00136,45BJ2R9oPDFyEEendBrFPW83S4VSo4UMRK5xwhPekrHu,2,0,funder
net_00955,HcWjMX4CxPTgVp21ffF1dSkT7LhfVUTYRnxi9bwfRxHE,2,2,sender
net_00116,3jjP6mhiVGbXGY3gWZ2H1HowE3FkWBmsEWb1HzbEvLMX,2,2,sender
net_00929,HAPYpWXFySWekGVLa9cKRN8hgtthqiEt6nEtsZP4QJiT,2,2,sender
net_00181,51MukCRnaDnbyFLay5oweBr52aVys3pEMbWgaDFC3iiJ,2,3,sender
net_00927,H6k13ii1xp7HqTFGZMgV2tU3SKGJ6yBgauCmeUEgG3gX,2,1,sender
net_00144,4DJj34SfrfSjFNB2LzkkN1LYtp5QB2fZ2UE4WMztUaJt,2,2,sender
net_00189,59knsFPuFnGq8wvAp7EFj4t4swwq8KkSkBFX7TgSWtU8,2,2,sender
net_00894,GasFQE9fi8Zqc9HuEJ7U5W7vBpCY4zyNFGuqnKqtLQgW,2,57,sender
net_00893,GaXDfaKmwyPHLHgHF5RB3uGgA267vfy8aNyfYgxPeYjB,2,2,sender
net_00196,5GA8swsrgawCSLXuVTWPGNzQDM4GNxNbSn3kekdGRuY1,2,2,sender
net_00200,5JtWUBkcGG8dAh7MrQqfVpUwq8bLni39zMG555EQ5RvQ,2,2,sender
net_00890,GZ2VofY4gMPEopeN3oD4UZYh7W91tB7WdmzRDjKMUbJe,2,2,sender
net_00889,GYbg2RNH3JbBhBwU5Jqp3EZnnHJFjNSRy1ormupTRNAu,2,1,sender
net_00888,GXb7Qk6hCgropKjPKrbQ4CSZsPmqYNqio5YuYDxXXWpg,2,2,sender
net_00887,GWX3zHVVUjBLqRtgKr6a9DXkZ7MDEjitWGR3yxQYjUPa,2,1,sender
net_00202,5KcR74RvShd4ejYwPzju8VvzpWQB6qyy5NXSomniTEEk,2,1,sender
net_00883,GUZv3UAzUA4hMuxxnmZwaUiufoVDJFgrGPGLTh6XFQZv,2,2,sender
net_00209,5SZpbVJMskTQudXMNbDtrWuW7JefhX4KtRMNus8XuEoe,2,2,sender
net_00213,5V9zsFPtN2nxoA53Xm6FKbx797NBnBZFxMdr84H1QXNL,2,0,funder
net_00214,5WHL5Redh2mWViobja1RzmHkSw9yJHHcJAwyGvRBLpL9,2,1,sender
net_00876,GJw1MLogANvEsgmw1KqaTgLQoDyHzxBYfx5izozJZJvf,2,2,sender
net_00216,5aSUi5hyMWjpuprQCwoh2NehZFeuqsZerpHXXpF3hhre,2,1,sender
net_00217,5aea1pYqYRTmAr4JNg9q3RNqWEGuxQMNadzt4oWAv7kh,2,1,sender
net_00220,5bwVVSTDYDYpoqQTfi7YsJReBMGerDVxBk5hNRCgifYF,2,1,sender
net_00871,GFDdy8ncVA7CiSR2kW5GWaUgYHE5gGmos5r97zBPQTc2,2,1,sender
net_00870,GFCFSaDJ3mZsgSz49XPXwY7pxsYkwPJ8EQXBvC1NJHSB,2,1,sender
net_00869,GENsHsBM9jk1L1gv3n7UcXq1yT6AMmHNHe9tM2tExkuN,2,2,sender
net_00868,GDm1PhJLoCyBgD2byjc9n7Xpz1R7WHmRtdYGPxUxpkF5,2,1,sender
net_00866,GBo23kuC2gU4S7EkvEAPUPXeEG3NUPm85vTC5yKfUsj7,2,1,sender
net_00188,59d9Vb5qPhBgMNxHhFfeTHs3Ta3SaacXAA3m6Cf1iASc,2,1,sender
net_00187,58bDGEPoSCfrS4XGVJGQothVqxGFSMC4ou13PiXapeZx,2,2,sender
net_00898,Gj7mDWSxTgpWhFqFhaT83RqCvBeCxYizu1hU3BHBVctv,2,2,sender
net_00155,4YScNbhgnBGfHhmehoKVNapTJUAKqZyFCsEunvuc5JHY,2,1,sender
net_00925,H5fJEPAzrWSxH1shb9jRpmDNyttCSvBA6M7mbnEewKGY,2,1,sender
net_00923,H4jtwPX62iAKWSMWrjpcHKUbrMuWhaUJbNJKWqPtkTnT,2,1,sender
net_00922,H4RukcZAiCu14KbL3jM9H5sdknzQ3dpgYXhURuZb96ht,2,2,sender
net_00147,4GH1YzJPTX5ggpL8smF1kjbYdfUBHULvj6y5zFLahcqV,2,2,sender
net_00148,4HmfnEmi5KfZG2aZST3ZaHW9ZNECH4pqMHiMbshUja6F,2,2,sender
net_00918,Gy39KSFDDbQiD3kVvTqepBveZcnGDXdFq81tqdnsyRh2,2,2,sender
net_00917,GxpRWtTdeGAa3EgDA8yojEdJMx1YKN4VXBYkP5sRZ9vs,2,2,sender
net_00916,GxpCEMKWEve4bdXAnEaggZjyRbmw4M8wnUHnxr83FWr8,2,2,sender
net_00154,4WAuAYr7wibrYoCy5ceCQesnuxkkHvyCN2NvSBtba19z,2,2,sender
net_00914,GwpcTgEagp7gjmdVs4jumvaHhDzrr9QdYVVYvzb6AZT,2,1,sender
net_00158,4dhAfADbRpdutDFDrmz5QVdUcE6GtNMT2zR1kazfsTJy,2,1,sender
net_00186,572gijC9dnNiSFgeSDaLMEmPzyZH9MqT7SCVMwKkeTqF,2,2,sender
net_00162,4isPmqGiTP4fYxrdxsd4EawtQJzmRKaqxPHFNjRzvfGN,2,13,sender
net_00908,Gu2Y4jnzF76ReUabn3kxRitmUnPiuMo27Phq2QvWrDH1,2,1,sender
net_00907,GtnVLVRtQaBW45HNnRsVaSuMu5FR2sVKsxNtajkg5BhL,2,2,sender
net_00171,4qQTYM9LoxxR5kwzdQRSHUPXosa5qYVoiGW226wehoJU,2,2,sender
net_00172,4rSunYrsBCvwpziqjb5pHGNaUcs2J2y6oext5yLfh8An,2,2,sender
net_00175,4ui8C6ASWpNWLrPX5ksRUHCHgFivWs8nh8tfLAP1jdjL,2,2,sender
net_00178,4zMnqPXBFEYJUJ4qLZbhuNqUCs9DyGqesSKTYRJbxi7w,2,1,sender
net_00115,3jbbaiJigBCHpXBRdtgCP1ogUmH79ySUpJbRmgFHY91E,2,1,sender
net_00182,54xrJ798DGwH1UA2H35QtAzKT55t8pL8bjBs9Arz3eoP,2,0,funder
net_00183,55PB376nxsrBLTZr1UdQSk6M89AxPif6oKmbmZmWq5dr,2,2,sender
net_00957,Hf7YChkWei54FumpAKcLC4jzDhwD9c9RscGDaeU368Q2,2,2,sender
net_00564,BKSaXXgidddyTcBPukfMv2KueeCwNVHWLZ8n6Bydak6z,2,2,sender
net_00114,3jTM7UJ36bPZhDgxeCe5DNn9h8f7a5xrkJmrwkbS7BJc,2,2,sender
net_01025,RBbjJnzJ5NrLTXWKfRFdFmL3arKMFp6KYQRXbFK4UTu,2,1,sender
net_00055,2fh7PatbN2q2tkPpD6P7wr6AQCSuxFbCzfFPNnBAZWGj,2,2,sender
net_00060,2nxt4Sb3LnxdZ1LTzZNPcExysG41fonwwGuGVV3rQhAz,2,2,sender
net_00071,2wQaMo986mEPbmngtkwgFtrUM2ttsT8cEqkMB2S5qFLC,2,2,sender
net_00073,2yv7rNuV8Zn9PEbew2qvFS4EYEv3rXrJBDtn7JFpLvwZ,2,2,sender
net_00075,32cjUdpHRPH4VR4ZsEuVCZw5wWukV5Xi6WAGKXiPqcNH,2,1,sender
net_01048,TWFocwDebvVTYyqAEFYiVh5xsnuXVPNto5poSGyyB7Y,2,1,sender
net_00079,355L1qYydbYfbxMy1ft89kHxeVh6vbAUkLiCmZN1hnLC,2,2,sender
net_01046,RBySAuK9yhYLrGMMLQ936KJsgaDAAvXWoKKDTFzoib4,2,1,sender
net_01045,RByPVUWpZ62VffFAGFJo9CAbNfuwHjmGTP3XNDxBMu4,2,1,sender
net_01044,RByN1UFgdwgyTnyVaho3q6JoY9afpXdLwmsh8xvVmYb,2,1,sender
net_01043,RBxoTLEphH3G5vQ1HMnBWfVCJrv8MLTgjCj2dZCom3w,2,1,sender
net_01042,RBvBDLxTrUqgGp7psF4JrKee9WbGY1D4LPKoeKbPoJ1,2,1,sender
net_01041,RBv4KFFAstYvckvPsojMG9TR7niM2Vk3KD8wFDhPa22,2,1,sender
net_01040,RBuznn1PG9cNCFG8SQjosf8gzDPFfWPiSdzyiTr73iL,2,1,sender
net_01039,RBqZeR4hmNAfMmayALizHbUE6WVL9ZaNKW7iRGUJVyb,2,1,sender
net_01038,RBqMTDzAhyhWCJzAVsYB983AJooe5M7z9YMHR7SqQzY,2,1,sender
net_01037,RBqKz7VrhhUzW9CFsBVNFwHN217e7kxnrgHNYQQNKeG,2,1,sender
net_01036,RBowZ57DeT4GUCG4qq1UuCvEHqUXjQeEtwgs3d6DeWB,2,1,sender
net_01035,RBoi4YpkbczfVce4ooqqKnPt9BNmwCNvNCRtDPvyJwe,2,1,sender
net_01034,RBoH8BW4rX52jmQjpbt3nzE9yFfUrUv3mgUEDSpfdq2,2,1,sender
net_01033,RBnWyKPLZoPZp2EtAXnw6JoAkgBy6PN3N9pLJVKfjf4,2,1,sender
net_01032,RBkojpBzkpVV53Zt5DUD1TeS2Y6ZyHdbBrfi3KZoGDk,2,1,sender
net_01031,RBfi6r2k1GDKLA4wNm59kqGBGtktr3LaRYvRWgnxVav,2,1,sender
net_01030,RBe55i3XwWe5f73nr6jKkdduByQxz5ACPLMgtQaFd5C,2,1,sender
net_01029,RBd6tdJxVoHonkE3oP3uu2mztzpF4Pdhz35Pe31MW6Z,2,1,sender
net_01028,RBcHEh23hm24L6UMQFTU6wiJzU8xCgY8GnKBguuCdYG,2,1,sender
net_01027,RBc7VQMygUsN1xHpwPzV47b4ifMM2tfm69jNftNKx4T,2,1,sender
net_00051,2cPijLxp7zU2c8525oGasbreBFkB9EzgaqZU99ZUrikC,2,2,sender
net_00050,2bvKhD7WKgVPYvKhiCn6s5RgZ7pi1XP7fx8wqcNHt7dB,2,2,sender
net_01060,ZFWQNoGDzUbJiWpXqHDJgSCDo7bMVYnt8w29gMPmQKT,2,2,sender
net_00014,27fGAjrofoppxSwpWzXWCTvzJvfWSd7Gztg5Ld7pCpEn,2,2,sender
net_01096,vdLW5cPMTHMgknRjDt8kUkT7M4F9btTWJ1UgApWgXQK,2,1,sender
net_01095,uxtoRPdPjRekYmxs1uUqVRZWh38iqonc9KgPuZXPeSY,2,2,sender
net_00003,13jny2xDnbA745QGXqQFkCoKMAzoTHDnkETKWfjDcpuv,2,1,sender
net_00004,14nQAgu5NbWjH1hKUcxdujPnfnpBHmy4BxqaSg3TDi3A,2,3,sender
net_01092,shake2LcmdpGAkNMJ1fTpQ2GiEAGFcBNsB8hPdtT61P,2,2,sender
net_00008,22xdcRWD5uvpfjGe1W9oPhuK5rbiQ7K2B6niPhS12joi,2,1,sender
net_01088,pwZpq97vcUqG5r79PMYJ2rPdJeVfuqdTaxmNvj5KYMR,2,2,sender
net_00009,25KRBBvQL78rTgcGEbkcDZwQwh2Z5RM6vfQ1VDRocARB,2,5,sender
net_00011,25PuSE1RVeeau3XhVLY4Wrhu1D5osFf5DZkYqVqKHmDf,2,2,sender
net_01084,nsZtEE77jV81bx7eF9Gt1hex1t2Aa7hhu5191Hin8cF,2,1,sender
net_00012,26gfE3k1kriiQ5iW5EKtPPNVinJFZULxtv5Jj8DhhyEh,2,1,sender
net_00013,26mLzoTp92p6u9uRai4inaXkuyTtE34FNjKs4i8LKFfa,2,1,sender
net_00017,28oZfhJGzQrGghSXqqqH5V5ckXEGSzktDYxvzmVH5jqa,2,1,sender
net_01062,bCJwYPU7x9o2NqntxouwZV1CS5nRFGncbbu1w9dE613,2,2,sender
net_01078,hsswXLeiGVzGVSCeUYh6FpzsPkXyGezpVn92M8CRcFg,2,2,sender
net_01077,gMvUq4pLkn8dJ3D4U8ZCy63WSGbBZpS2LHBKCZnDYmk,2,1,sender
net_01076,fr6yQkDmWy6R6pecbUsxXaw6EvRJznZ2HsK5frQgud8,2,1,sender
net_01072,ekXJrJehu3jHkXRqsVSh61mM7n35L7r9GovU5vU1Kmd,2,1,sender
net_01071,eXTHsHYoPTu7X1hcRf7GYzJJojSryVF3tn1jkkfamc5,2,2,sender
net_00025,2FPUfeC7VwFgea79qWZ56gFA89WepHtj1Ta2UCxXVhdH,2,2,sender
net_00027,2H8Y5sgMM7937Md8PPY9oENx3cPfb676Znf4zDhWAt67,2,2,sender
net_00033,2K9KyJ2SSMgornoAK7X3sDGPT2kCoWci1zmxEtrnnTvo,2,2,sender
net_00036,2MHMR8rhyoXqUb1P8tAHWAWWX8BAAJVHwsWtSDyMQeAT,2,2,sender
net_01066,brDaYyvWjqxneaG5fmdax4jxHJUPjAaD11CcSLJEYhg,2,1,sender
net_00042,2Rc8Ecmybck28FDYZxMvwinKhZptX14y37tzsivZKNj2,2,1,sender
net_00044,2VLVECJga8dRfyHvyZT3wA1tW8QuA1RLLWVbinPbM5u7,2,2,sender
net_01026,RBc6LBAviB6i8xcd5CE9STiJJuFdk7yMP7uj8EUAAgg,2,1,sender
net_01024,RBbipEr2VeytiZkkV8deQRonkn9xnTu19YXE6Wb7MMM,2,1,sender
net_00111,3fGccyWGtAdJvaMo9Xt2pqcZPzKPEVeK6egiqeM1p28J,2,1,sender
net_01023,RBbYTvDhw638rFbVDMed1ZrftQZXzbxZ3PGtfFZvGrY,2,1,sender
net_00992,Nsgx8SAf9jSmwqewSttpXbEKAHSPZPae2gFLfj6Yu44,2,2,sender
net_00991,N9SyhAXDckG4y2B911paJPpwS7cvxWSxcng53mebXGf,2,0,funder
net_00080,381HeXaTTr8pnd4Q1tPaAD9gJLScxagruwWVG3C7QF8s,2,1,sender
net_00987,JbaY1xiAUsmjzTam5SfLBjxL7aHieUETQNjwhjhPe9v,2,1,sender
net_00986,JDd3hy3gQn2V982mi1zqhNqUw1GfV2UL6g76STojCJPN,2,1,sender
net_00087,3E26dB4DESPWG33HFnMC28QcRnkH6Xw4ydmvw5H4NW53,2,1,sender
net_00983,JAQZkUqCfWjXu2jKVDbBp4LD2SbYcRHMN1RN9N8uWiBn,2,1,sender
net_00864,GAX5hqzH8a6PQcmPBVrXX5ivMHEdd9LnLnBdQZtEJ1ie,2,1,sender
net_00981,J9mFDaPiN738B6HexCcVw2KN1YnvgwiQ3rZbfp5frCna,2,2,sender
net_00089,3Evm65bzAk4i4A3Uds5mLkpLYGhXKzSk39Q2TqaJAzWU,2,1,sender
net_00979,J8AJAD5VkTMA1ycAJkDhT44jyxnZLhJjPWyPb51gV68n,2,1,sender
net_00978,J5azNcLC1rDMT2nxqNzp3SeCBA1M3NhNLBRy77RTiTox,2,1,sender
net_00976,J4RcXYsnCwSTkns6ymZWCCY6wjHZB431Sj13rHFuosrM,2,1,sender
net_00975,J2L495ZPcJ6Btuyd4YqXz5uw7hpKiQXGcLvALwumabED,2,2,sender
net_00973,Hyz8paNbNLSYxSfWT8KT2JDyvPW7E8yJBbaGnsZV7WE6,2,2,sender
net_00972,HyYNVYmnFmi87NsQqWzLJhUTPBKQUfgfhdbBa554nMFF,2,43,sender
net_00971,HxhMTh4Nmvbf6J3VnnNy6VLrFkZSnaYS8NukaCAPgnrx,2,1,sender
net_00970,Hw8stXPYa7pmFaem2qKMRANWUaBfEn4nBpuQpvgAeyVP,2,2,sender
net_00096,3PpgE1PkUoftrPkZ5TcYzqaVHJs27baJsd4WathmNkuP,2,2,sender
net_00099,3UhVbCVb6cCeRfTFLmYtaqWjpJ6YLeVghYAjngV6hSyH,2,2,sender
net_00967,HpquhoQ7KD3ss1EYL6RwZiR8uagKpnBZw2svTnZGpskp,2,2,sender
net_00100,3XpWQzdfP3up2xuHEfaGPFXGnC2YwccxcBfVu2dh6KHf,2,3,sender
net_00102,3YZmDD3VvN2DynDxK5grMsQRyjxtmrHWqYwKHdnmfATo,2,1,sender
net_00103,3Z2LeuqyurRWBBcDdGgzroGHbXgzDFGYfWESoAH63vR4,2,1,sender
net_00104,3ZUFkUyFKyKu32MDUHVsx2ae7kyJLJWCDyx6g2SNNfPm,2,2,sender
net_00108,3ccukMawpMxo9vT3AehchsRLxkLqsiGXX6yDM3hBj7x5,2,3,sender
net_00109,3dc3ysABirQH3aUbzAY2HY1UnTJLJ5UNtZekMXrgmGGJ,2,1,sender
net_00993,PMJA8UQDyWTFw2Smhyp9jGA6aTaP7jKHR7BPudrgyYN,2,2,sender
net_00994,RB6kiyzjrv9P7ct3ZsG1o4Euab2Ttw9YSD9AynGwbKT,2,1,sender
net_00995,RB7ovxV9Cx767THm8qvvDgSupc4tyho9RcRsjrq6fhn,2,1,sender
net_01010,RBNywNvDPz2v9z1KVVjiRpqywPUw9VFp9tDKBEPUTWq,2,1,sender
net_01022,RBbWv7mEA5Yt38fgF89ZhHv5bbFyXMqS4NPUeTPLnwF,2,1,sender
net_01021,RBayjSXG4qewSGJCcqkscYNd7xESeCAhLtY9ygE9dPS,2,1,sender
net_01020,RBaTtrGFpSWXHKpkFkMRN1FdtquNKAFAj73dH7UgVfJ,2,1,sender
net_01019,RBaHyXyzxCBXEk63roxqfqYGZ7wviZNBp23URhiLosH,2,1,sender
net_01018,RBXTCDydMh6YnnEjaN11TfHotTeozCzngcv21LeSVGe,2,1,sender
net_01017,RBXMY1BMoYaYFtE9HK8nyWPtsKUwsYfMGUkgLQeRwLf,2,1,sender
net_01016,RBXMQ3ZTV88uCADDBzeAw1EuwADKn8oKTeDxxydofzP,2,1,sender
net_01015,RBXFkeQ2BvVgqMuYtMpMJecpFzk94PG2X25tmmaWFnf,2,1,sender
net_01014,RBTSQEREUxTQqeVXzruk81fT7ZpqduqU4nHfP3YAK3C,2,1,sender
net_01013,RBRxmmdpj8FWAehshL1SBK7iRRiYyDWu6akyPf5zY7q,2,1,sender
net_01012,RBQa96ybaCwtJvU8ErQF16S6gP3ntcGt4u1gcyBQ7MN,2,1,sender
net_01011,RBP6swWfCcGDvbZ2ozDhWS1wdsDWsLFbBvjGx2od9AZ,2,1,sender
net_01009,RBMtd5KgXb6kHVh7WnXNmAH183KLTxHxvAqaGdEVypt,2,1,sender
net_00996,RB8KtcgukCMinWv4WEhbQhcMzCXH1LKxHY8X1bkxNpS,2,1,sender
net_01008,RBKmF7p4vD5B6CbwAWmKP26H9MWuRpPeiEokDHj4oQq,2,1,sender
net_01007,RBJyVqUiD8gDqiaVrKyLx5dZBpiACMuCeThPuNYZpBW,2,1,sender
net_01006,RBJMHyip8qYKgrNP7Qj7Rdn1r6ZtRTeYoJAgCHeu6WD,2,1,sender
net_01005,RBJAkBSnek6Tqve6UAJx2yg96nHAmLBo6VqjKjTJnrJ,2,1,sender
net_01004,RBHdGVfDfMjfU6iUfCb1LczMJcQLx7hGnxbzRsoDNvx,2,5,sender
net_01003,RBFSSVXMPAKdjQq9CkRzAqg2iwgoeJG4mKEqfuc7SQr,2,1,sender
net_01002,RBFHgQmcej7T7LDFVkAdrd2xMZLZEcLS8NmGrDhaoHW,2,1,sender
net_01001,RBEAiMc3WgVP3VsQgfZV3zSadBCC1gEYg9niZ9TyiVN,2,1,sender
net_01000,RBCL4X6Fgvb4LA9LaNVdDe2RvJxP9vfwa5Hwrjd8NEG,2,1,sender
net_00999,RBC2X2inpfHyjyqmgUVUY2WEDEyQ4mBVhr5bNppwiBy,2,1,sender
net_00998,RBBgUDs3NE5CR7MmxRPmTPmr1JL5pgJc5WSkNMuoLji,2,1,sender
net_00997,RBAYrnUes7EmsfeeVEV4DG9PSNHc4QhUnzJ7ivg1FQV,2,1,sender
net_00223,5gMno8MC7dj7HKmd4TL8C8eqP1ude5XTiUe5381dv5Y2,2,2,sender
net_00831,FZTwdPv7ggjaG4EBU2TxipUiC5ke9aSWF99NMHmcSaka,2,2,sender
net_00863,GALYiZdDo1sLC3B4bvwva2TGmZb8SEf1Koh4fBifkKKX,2,0,funder
net_00666,CxMNfL7JAFon8MkjGvFRodsJ9Fzi4ZCQ4QKBNhhDgb2Q,2,2,sender
net_00438,94dQH3z44Xu5c3z6w43AFD2Hspe5dBq4x2sKUsZLKKSD,2,0,funder
net_00677,D5HmkMYwVgPpA86WXBS91894SPgiMzy3BJxodQJ82htQ,2,1,sender
net_00439,95VYXCyCrPt4PBa8MWUdefjsiovQiAh19DtgHw8GwbjQ,2,2,sender
net_00675,D4tNZHkhZZ2khReTAuLZKggjxZ1mCFNuz4Lm39s3kHGR,2,1,sender
net_00440,95ZCf3jKMHeFYvPXVZW3Ek6AEPDyjebosqnc7eNioVMo,2,60,sender
net_00673,D4Yg4QWvPdEycppH5B8hxeEkFeXWQAtq5hNkKga4VhLV,2,2,sender
net_00441,97SJW7tDoKbQQda6jT9ETU44nS1p1tZ3JKtBENoZMYes,2,2,sender
net_00444,98jGkEHXtQBR2mkVCCCR6U5AGdb63xjMWYn4R4My7eSP,2,1,sender
net_00445,99DhW6g7c9Q8tq7AsTRgHQ9sHDBwEscBwubMAc9PPXHf,2,1,sender
net_00669,Czj6jiWLXSS4AroaB86kTCbv9RB9QovYjNL8cijgyWeT,2,2,sender
net_00447,99h2mLnkWQer4xbiAnERwajfLaqJocNyEvxgt2SFabZd,2,1,sender
net_00667,CyaE1VxvBrahnPWkqm5VsdCvyS2QmNht2UFrKJHga54o,2,212,sender
net_00448,9AAK4GKLAXx4k9JvsYoffPkifB8z57C6bhDuDSqfZghZ,2,2,sender
net_00476,9gQR5PWpmyK4EhuG2VASGreQ8Wf6uezPNbzKDjYz1V7i,2,2,sender
net_00664,Cw7h9c4h2V2UtWXpcyj74zr6mTNKyMCoTFHwYNsf6P4N,2,1,sender
net_00663,CvNiezB8hofusHCKqu8irJ6t2FKY7VjzpSckofMzk5mB,2,1,sender
net_00453,9JW1yLn72ucagmQp28T3morHMJrvyxHMLHPMEXLifEtf,2,2,sender
net_00660,CtPN4EtHuAjocAZRJDfQDHLN5UtVu5uYnP8BbEEHUAZH,2,2,sender
net_00658,Cs2b1mgijieZ6e27cc7CKqQpbGG52M9ahBRgoghgAHps,2,2,sender
net_00656,Cq8qkaoHzqrtjBa1NrkFxLg9W1TSRYTDpQLGTdF8SH68,2,2,sender
net_00457,9LxMdvs1m8QRFvFuhvzzMXykAkpaHTJhktULdpBztUMm,2,2,sender
net_00467,9VXuNqqqzniYYW3fRDeaCtUUtqWsEeWWn5umh3aF9h17,2,2,sender
net_00470,9Zu8AigeXgFAajBTni2VWw6Wmz7XxDqHmY5nQwdCWAyY,2,239,sender
net_00473,9cdZg6xR4c9kZiqKSzqjn4QHCXNQuC9HEWBzzMJ3mzqw,2,2,sender
net_00650,CcuS6zjBQmMj86z3drYMCA12W8bhHWP1voMyKKj2C97D,2,3,sender
net_00649,CcLrWoToiEdkJzgZo38GpbKBA7468oskauwT7EzpbqtU,2,3,sender
net_00437,93aLkQU2fBPHSWR9egvtCLYJE6KSb4PjkAnHXN6eyU4y,2,2,sender
net_00680,D6mcPKL67yaq39dM1XkpWa2fDHtu2B9KhwxD8zzKRdQS,2,2,sender
net_00436,92mWjDdD5MhTFfPkLtnnHPY92SuDTk59c5JFsJdAjPvM,2,1,sender
net_00435,92ZKUafNcfv8515gEBgxPFwVYMd1DdZkxyStsoGbgXzs,2,2,sender
net_00399,8R33qpkB7HsFsv8NqEmZQEivgUVn8nugC6CUXsUVCnCR,2,1,sender
net_00402,8SqDa9oXTmUY4KMJy4c6coZwQCu1wkeUTwKjZF8KwdJ4,2,1,sender
net_00403,8XKhq1Ygeznsx54sTHvdjhvLXDM8j2oJeqknd1kRpBjQ,2,3,sender
net_00409,8atev8GbhdjPcBTUf14JegJqQxFz3FeGmppzydM51zDS,2,1,sender
net_00410,8cq4Pg3ghj6tjqKYbaJkZtmBzdX32MroCQkGbUsnqT13,2,2,sender
net_00706,DWwjz33Q9unAch6hJoZzw1skYUf8EXYRjLtPnZT4ABz4,2,2,sender
net_00411,8d9FNC7AgKLTCPKNd3MMkLLXZYLmiYFYR3vfXMBNJVNx,2,0,funder
net_00703,DTvi6ARgZw5ubRxfZgLs3PQKqXchB5UtU8DZibEThBgb,2,2,sender
net_00413,8epzPehzv8vrzGGCimDXo1EMiT85crSLMzykhQXwjdGw,2,1,sender
net_00701,DTbMwEZ6xfouMAbog188p6FGAk2k9LzJgY3Rd4i5MBRX,2,2,sender
net_00416,8hnS6wu4anQoKHBs3xw4kwcKxejuVFuLsUVqhpkdFxza,2,2,sender
net_00697,DPqsobysNf5iA9w7zrQM8HLzCKZEDMkZsWbiidsAt1xo,2,1,sender
net_00696,DMy6J8XXnqg4ZnMfAAc5DNgtVmcbjtXSQidANynigkkD,2,2,sender
net_00694,DKCH2VT4NutJp79quYEU9Z47KrX9fmWcMKyXcGEqPmbD,2,2,sender
net_00420,8ke2nVukWmq4xGh8p4zLbpusjv6iM1EWwBeSgLYJ2utr,2,1,sender
net_00692,DFumrtH54H2bcLu4eNYKDtCmFgvFqFCGKafWMFTU7FLY,2,1,sender
net_00421,8mSRM89Gn1Y3RwdVkfYn3TAwwCQSYYRS632vPWe4TSUz,2,1,sender
net_00423,8nUVPEYwk2bHBgTd8ZYBqarZMeu6gqZqJtqG6v2S9Ux8,2,2,sender
net_00426,8oLLdaV9q1cFckyQhR2CF2PpW6FLHb9Ci7eHcj8UoeqW,2,1,sender
net_00427,8oLkB8YmikcATgYYktWFHZpPmsSkeiP1pvGZeDpsviQX,2,1,sender
net_00428,8oS3UWBYmidJL79XzLPStos9EgxHjDZN8YqhJ4E3cooN,2,2,sender
net_00429,8rfDuhKpquS4G3qanhQhTts5cgW3eCfgtGpMjnjz9UoB,2,2,sender
net_00431,8uLHNVyv33KftdcMUXyjqE2Kd1Fjyp1UMBrc7zo8Z6wM,2,2,sender
net_00434,92XEuaWSjXWBsHHYWgEsHweozYqFNKMyYFyMh58qdeej,2,2,sender
net_00683,D8or4cQy1vVDpWRXfFxB2oHcVR5P5pFPvdKsPrFhhXtA,2,1,sender
net_00475,9fo1r2cUX4Q51ddTqRBhmpEQNM6DMwtDgw3trA58rB4W,2,1,sender
net_00645,CWC4kVBcxLhX4WfvovvkdKxdgKZF59cMCZNZSTC8tmW2,2,1,sender
net_00862,G9VPG4XvHheUUbzPexNzx9Yyx97ii53WYb89PvdM2qQk,2,2,sender
net_00547,B1e1BPue5LVvzD4XWVW4rZTjn2AGfbbB9fmbGvjGXUNN,2,2,sender
net_00603,BzBSShDBg8iZDZSsYPoUDWPh71y93wngju4z9zfz97Zd,2,1,sender
net_00535,AijHFZiCeaSYvjGUDiTAWSM4oeu3YhSop3846ofhdZ9y,2,1,sender
net_00537,AkKBhZe55Ex9K7aqWPoY4zTUvJRg6ZWtKigqGkmRTZr8,2,2,sender
net_00599,BtDaZUqHr2mKH5EYQCztuerHBuBEfQNYdquTDtEZp2Ym,2,1,sender
net_00540,As7HjL7dzzvbRbaD3WCun47robib2kmAKRXMvjHkSMB5,2,1,sender
net_00596,Bkgb8j2KwhKbDWAwwcPvUhR8ySfiZvtL33MvQqo2Sq3m,2,1,sender
net_00595,BkEvXcN1jy735i3FPrRDTVDbbBGFRhW5R6riSxVUdFnN,2,1,sender
net_00594,BkA4DmvKTzNKKgfsZQfXNu3mLtppwUcMHhc8Dua2Tddq,2,1,sender
net_00593,BjphwtR8kT9G511YDmXirVMRdeqtr6Jf2A1LmW8jVhD9,2,2,sender
net_00542,AtqYuVg4pwP45fLp64uCjiPhEEe18oPVFBvPJAmFVeN7,2,1,sender
net_00590,BgMLWLavkvRn9ytzCFFdw7c4wxvNVEtUHhCPELSWpfs,2,1,sender
net_00587,BfKHhnkVSzPCdY8fyW4RayqDr7FZXRVLRUHtr3kvAhe1,2,2,sender
net_00550,B4iULm97JQ3EtkVKCoo9VQgUVE7Qj9t989oHyexHomyf,2,1,sender
net_00477,9habhUzBciheRCouTfLEwjZsJU2XuK5DSwXrStsrrLXX,2,2,sender
net_00581,Bb3cbhXKyHuMv1QQ34SMfhT7QBiZM7ET8udpEcpZGWdR,2,2,sender
net_00580,Bakg3y3VhWEqN5PVCorPbJF5DaqrjccxhWpNEcG4rcyy,2,2,sender
net_00579,BacinrxBsuHcXmjbWhjTKLDRbtMTFK7MEHMGYr7kHwCZ,2,1,sender
net_00578,BYJEWK5k3WT3e5zKyXw69ivVGNkLyk9jPjd3dhxgRj8Y,2,1,sender
net_00553,B69hjmBJsCQMM42RHMdoZwDR53JjuGCtLPiNaxUpEtbg,2,2,sender
net_00575,BVfHvqbqHfHJvwydUXYKKKvuQnCzRvZX3ebzRKBuAbLY,2,1,sender
net_00555,B99f2KgsS9G8wuM9ATCFHLYTorCPczQ2NdQwJdUgemu6,2,1,sender
net_00556,BBPKQwYLyiPjAX2KTFxanR7vxwa7majAF7c7yoaRX8oR,2,2,sender
net_00572,BUBBeczLdwuwrZ2FgEA9FGTp8dQJaeBm5cJwoWEq9gYw,2,1,sender
net_00557,BBZLtYnZNVtt4FC5zux5WL37PLgTqJ9rPMEGu7VxFA8,2,2,sender
net_00560,BGASPyexYFLvAUEJVGcfvh9bymeCB1Xh34dLTRv5CKyL,2,2,sender
net_00562,BHREKFkPQgAtDs8Vb1UfLkUpjG6ScidTjHaCWFuG2AtX,2,3,sender
net_00606,C29NGFYuXttzz4q5qy4Zq8qdJkyxKd6NVePzNTtnJpMf,2,4,sender
net_00525,AZ1SrngaFRmm8UDUNciRnJ24ZAEp2MfSnZGbsfhDtsfC,2,2,sender
net_00608,C3aMvytiSZ4uqRmNWVMcqTCMvALtyCCJjg5vVkQTabgw,2,1,sender
net_00609,C458ueJJxnpzeiCPLBYJDuAdXmxiekXYaxMTSif8CLCw,2,1,sender
net_00643,CUn9DfHraAqRbsAKsHiXqEqt6UfKKMTwgN67V3k7Ui2v,2,1,sender
net_00641,CTSvhyNscqSA6NRHDycxR3dsgn3ErMJzgsXpQyDrCbDi,2,1,sender
net_00480,9kxat8BRy7UGWjFHMa1fYUYqNt94K6f3sLhc3Kx23Tqi,2,1,sender
net_00481,9nBjWs7R8ec1znv6XkWyRwxBw6VWVZM6eYn9SqdfMr2c,2,2,sender
net_00486,9vLNwyGUPqi7sKKLu6QzbiQoe8nB6x7Wmm8zWS5ZcQbz,2,3,sender
net_00635,CN8GfmA2tyr3Pxmy5sMNhaGEFhAvy8AjnWMevXSZNxFq,2,2,sender
net_00634,CMN4HErpURnxJJBjFf54XiS8sY9FjBPS1fYSc6FnhYQL,2,2,sender
net_00488,9wBVjmuJCLLs55V9d82aDCoi8kVLaBaWgRHKUWebJVUa,2,2,sender
net_00490,9z26ZcuYJSryeMYCBniLfMg6qSSFBgocsHT61GUigDgs,2,2,sender
net_00495,A3W8psibkTUvjxs4LRscbnjux6TFDXdvD4m4GsGpQ2KJ,2,2,sender
net_00498,A86Sp3C2Snr6yDf7kqVwpP9HBbt5HTMWuCb1bSYWiQ6Y,2,1,sender
net_00626,CDnLe9bYd3bm1DnU2ZC3B7yHXL3CLN9oNmiDk74gQaDv,2,1,sender
net_00625,CDg3bPoM21fSXEzrXWHWyJR33JHX6xaYboq5p7s4uo48,2,2,sender
net_00624,CDerVgYmusW7D9BjpirGTEVLR7Q4AA5Gp4pA1zXmtRym,2,2,sender
net_00501,A9J2YKnXfE5NaYDtjhUPY8AWp2sN2Somf5RfUKtidqnE,2,1,sender
net_00621,CAzkZke9kPCQ46aQD1YbCD8mLaqrt1bpptyyBTUfyu6s,2,1,sender
net_00504,ACfeAzJ97EA8mSxeyS4Ng77VTVSrkwNWYaYxeWk91pw4,2,1,sender
net_00513,AKy8XbgxizDq9AaAYzvwBkeo2pkU8h8NsFWoUx9kjguh,2,2,sender
net_00616,C7nHBKUqhw1pYH6WRtQ1goAqjpeDTfb5uHB87yT8q5hH,2,2,sender
net_00517,AS25HYWuQ5c8wgD8VTpjt5oi5vYErm1R46XGr3a2i535,2,1,sender
net_00614,C6BoTXx6g5qVjGtDJB1HLX3iAKxue6EdyPcYq2dFBtPi,2,1,sender
net_00520,AUmcYa9shPoy1KHhRYgsQuWhV2XGtCpCq9wxVwXvmoDq,2,2,sender
net_00522,AVjEtg2ECYKXYeqdRQXvaaAZBjfTjYuSMTR4WLhKoeQN,2,2,sender
net_00611,C4udGwTg6oqcrr8SmSLmkcXDbaFEcopsiaT21KUE4psU,2,15,sender
net_00524,AXatAxRufhhjTQtpWV1SXbdCi65RiE36NVVPtGshxwhG,2,2,sender
net_00398,8QGt3aPPz8jh7SGAQ2gNEWCFv44PzXjirkoGFtPH3ymB,2,1,sender
net_00715,DaGHiAWaVM8DTp2ZF8anUHeUuDAuKjmcAG9byvKUmCZp,2,1,sender
net_00395,8MaVa9kdt3NW4Q5HyNAm1X5LbR8PQRVDc1W8NMVK88D5,2,1,sender
net_00806,F3oztRehB8B3GYFhvFHPQxKHE2tnSh1gj89XqmUvLnBU,2,2,sender
net_00820,FM1YCKED2KaqB8Uat8aB1nsffR1vezr7s6FAEieXJgke,2,1,sender
net_00272,6PMWshQ4KLsk73AVbZUL4hP7eJBLrP4YCGBb4qkXcBhH,2,1,sender
net_00818,FJwE4kaN1YBDk32yq5iF2Cz2GL81D7s54CqJ9Dgxp16a,2,2,sender
net_00279,6TQ5D2ntn3jNMPzUAx96NnUfkV87zSFtQHfwup37mWVN,2,2,sender
net_00815,FCz7XfmKgpxn4aJGjgpwgve3DZbk7HUvYgzrkrju7aUZ,2,2,sender
net_00281,6TbDFs2dkHETrRWVbheiC11bwg7EWLDgszsCADF1ML1b,2,2,sender
net_00286,6X6yUYJWV411RkcNGSnmEWnnMs3uCP9UGaPN2vsMh2jk,2,1,sender
net_00811,FAicXNV5FVqtfbpn4Zccs71XcfGeyxBSGbqLDyDJZjke,2,38,sender
net_00810,F8rLhB5uXaSVimTbAcv6cAWg5gL5YGshvtrFny4FdXjG,2,1,sender
net_00287,6Yb3VETYHqMAgURrHibTDC3W1zrKXRkucD5394KoeNJs,2,2,sender
net_00808,F6XyoWWd9SFMrA216erU8sFJVtE8Bq8tVvrz3PcaiZAV,2,1,sender
net_00288,6a4QNTEEkS3wuPs2w2tAEx5QUKAtEJUKD4VCaaZZTncX,2,1,sender
net_00805,F3JNpoMcCQjvz8pQLJFRBVrWHkrLRvTmnJBnV1kpujNV,2,2,sender
net_00717,DcRXXBtifMsTTwtqzMcAZWfoLfsBMgyJqPDG4i86NN52,2,3,sender
net_00289,6bKEDAVBdukaZsQ4sXjEkuacHVtKGmPA3LGW25hSmt4X,2,1,sender
net_00290,6btMfV8xrvXx4a2G3dfPMrbt3moL7YByAkqG8PMDMpXo,2,2,sender
net_00801,EzWmT2yEDFkTQYPbQLdqq2HEE2AvYA1Hg23p2keGD5KE,2,1,sender
net_00297,6hHaBcWYpSgcHeeDZJVA3omMjApRqJ1xU2MtF4BvLmyS,2,1,sender
net_00799,Ey8d4JPj1DEsT4NHdG5Ktes4EFLvUwB8hinxoUqbhD8Y,2,2,sender
net_00798,EvugJFAyfH9tdB99uHar9frJr3ZLfpPQwaZZRdAsz3FT,2,2,sender
net_00797,EvhELsL4P6bTFqZfsxxnaXjkmc3hd1MCSieFzGFAaSYc,2,1,sender
net_00301,6qcSCzTbyYMmfW7UyvcuGK23jDB9JYqfXzMz6GumKcEY,2,2,sender
net_00795,Er415BPVtYRvPf7iCujRhGCziNQiyAJzQZkh81wEwjn6,2,2,sender
net_00305,6tutHjh6KiE38T7PAVoWJgGQ3v2hQwyJjKw6bqqYexgV,2,2,sender
net_00308,6wUum7cHTvYyfLUCQVyHdznoAByK5sn4gihySDyU9JQ8,2,2,sender
net_00789,Ejnzx3EvwAPQCQBTnZqWazKztwjZR2EJ9JirXtCTqJ2G,2,3,sender
net_00821,FPpARbmWsfDvsLt4jiAQsJagFHfSS86Pp3wCr9Qi8xv,2,1,sender
net_00267,6GnEumdoKDAPQ12jxEQKFQgx6h1giXqgK9efAefmVSa2,2,2,sender
net_00824,FTDevoJ3UzJpFZ6RmFT38ZPWZr1G9TanfXZu7bYiEWXB,2,2,sender
net_00266,6GNsTT7UADAPVUYzKWKNHHMkfi5ob227TqU5Cctt2GvD,2,2,sender
net_00227,5jzGvkv64wodTrTqzHmPTDJC1EqvvvAvh3EZAnxMsLoy,2,4,sender
net_00228,5n56QvbaCLhdLe8vDypz5WcVyX6U8a4Q3Lrj7EmTucVi,2,2,sender
net_00857,G69NXCmhYecSmJGDWxzuEsbC9CtmMwri24G2RpZoCqSM,2,2,sender
net_00233,5rBmZQxyrMTcpHDkwAkfo3hgKUi8DcM6PPUSYHtBdG3W,2,1,sender
net_00854,FxiMiNf8Vs21WhsYAYgq6UsMq4sdWKfrTVLph1TC6qcK,2,1,sender
net_00853,FxN3VZ4BosL5urG2yoeQ156JSdmavm9K5fdLxjkPmaMR,2,2,sender
net_00235,5rfYBLwi3aNTb1gJAUucVzHwKBy5NFS6tuq6rMYV5mN,2,2,sender
net_00238,5uJKZDwcBy8bRKwBuH71pnoZ7GndLzd4bWQNHaZPCb2L,2,2,sender
net_00848,FtEQiN91fQ1hh8d7cu185i5YenudFxQosHE3gkNEHU4E,2,1,sender
net_00847,FsiGTYuDv9C6bDhZSnxFuniheddYGwwsfTxQVkCkXjEw,2,1,sender
net_00845,Fortnitetia7jpTA1rMpEeBeT2pME6PtVhuTTmG2nvfC,2,1,sender
net_00240,5w7ARgSq9JNGL6DqwVbD1UqQ1obJqSoj5GrPSBii4PqR,2,1,sender
net_00243,5xpb4js5WjjT3NQaj3MFDZVy2k7VS5RHW1C1DA4PXJcQ,2,2,sender
net_00244,5zCkbcD74hFPeBHwYdwJLJAoLVgHX45AFeR7RzC8vFiD,2,654,sender
net_00249,63b7qdnmVk4xZbjHfexhs7phTgnkdbe7kjsXJuWACbzo,2,1,sender
net_00838,FgYpz46Cprfh6SyxrsM1ddyK9hS4zTTL3JMzhwVA8rxf,2,1,sender
net_00253,65taWcFGp9vba1Z6MJeEhZ5ndGEKyvGZYi4w4nFfL8S7,2,1,sender
net_00255,67Nwfi9hgwqhxGoovT2JGLU67uxfomLwQAWncjXXzU6U,2,2,sender
net_00256,67ewnSLtWKjd87W6Vt7LiDtg9n9UgefYfrgHjkPn9hja,2,2,sender
net_00834,FcZBS2jpSLvZVxNEaH7NCAJeWheEhnaEo2Af8Vbft3hG,2,2,sender
net_00257,696969Y6orZEjp4gZtwcCZS7TNVuhMVE6G5mFvdJ4mYq,2,2,sender
net_00832,FaF7CtfBzWAiFVeyJQXXARhqga3JqjMwHmki5RcY4HMn,2,2,sender
net_00563,BJ13Ezfu5f57G27VzdjqauLRYND7SZ7D9cor6UG2XEJY,2,2,sender
net_00259,69aiAKU3uJMxMLRkUEGFNt6nQ43PiVimE4ZbErJ7VSM1,2,24,sender
net_00827,FWQ3sv51J5P7o6UwNFuT612HUG2CitRT8AJTtWS6Qs5G,2,2,sender
net_00788,EjXnmUkoXG1LqaM5nY12JNVYJK8g9Pds4W5S2dFZ5hbd,2,2,sender
net_00309,6wowwKG1ztzTRBzrVmxuWnZVUh8AwcPD2DFEXPgR1VsM,2,1,sender
net_00314,759HH6y2i89fu7fnDaiFPGkJw1usTgmaKPJ4DM31n6n2,2,2,sender
net_00751,E8BdMGWjz1fMxmD8CNjRw6eAZ2cKeoSq4b3r9bKXvHWy,2,2,sender
net_00749,E64LpGLuRTEJL9bTyxWZebzmGHi16ntPJ8hSmToZuNcR,2,2,sender
net_00747,E5j2karHHQZpRQHxPPfSbnaSrbW4hPijv2wV5JNUj9K1,2,2,sender
net_00357,7gWYvKA5ZTt4gLPoTKV9iAd3XXerF9z6KYEFUKREMGdh,2,1,sender
net_00742,Dzkeh36vJRSzAYELfdjGMMrBHvcQWmZjQUztzMfRuvuV,2,1,sender
net_00361,7mPbaHF7RaPQzmYGeesJE2tBVxAG2M52yD2vV4Y9qHr8,2,1,sender
net_00740,DxBkhgcoFqi6rs1e6Q8iRAGmghpM738qscTziTstK7BA,2,2,sender
net_00363,7pH94wm5UmHF4dqW9yAxSuhnrUNqnmtReWBaDPm8GGqJ,2,2,sender
net_00737,DuGezKLZp8UL2aQMHthoUibEC7WSbpNiKFJLTtK1QHjx,2,88,sender
net_00366,7sVwvKQRMvX9q1Ubv7xKdYUSUxhpQKw6hHpKpXvU7rW6,2,2,sender
net_00367,7sjdMuJjtCx53rmYy5axYYSMwxjSeWiyquE6sXZdJwRA,2,2,sender
net_00734,DqQSVtiuPVnDyuF8TUu78fQRw3P5QZ4LX8i9r9HgMX2R,2,2,sender
net_00369,7wHvBDXBUtVwywUhhKkFpnkT7HL2bf56EkXcSHW9qyhJ,2,1,sender
net_00376,84DGj4Qpypcaa5uxdzphYzkutEUTvxLWSuWq3BoJLxkp,2,1,sender
net_00384,8BJbHxt8NAiMghbAPvY4hpRHkiHdor6WegyQ6Du8xAPS,2,1,sender
net_00386,8DLn43bm4RquGiZXW1rptUoy7SkqDTqrpiEVEomLUWbK,2,2,sender
net_00387,8DPyz93MLdeYoeEaYHuBVakVmPJGq8AANqBKfURESLoi,2,2,sender
net_00727,Djv4arbWwQMafy1UVJZws4XQMPDmznGQDrJaQcXMcDkp,2,1,sender
net_00726,DjtiCPKFrtgvawSKkwPgvNSyWa1DvX6ke62ponWA6Xmn,2,1,sender
net_00725,DjiJKVgtS3MrR9VasbQWMMZUpB4zsbipeKUJR1YLw91r,2,1,sender
net_00390,8FXZ4idGBiG6pTaAyvzKzVnsoxRLgSe2Q3wXcLTKgvZH,2,1,sender
net_00722,DiAoMAJNNdGsbdAHgsja7unZNqTEm2c1EUW1cvqNXBk4,2,1,sender
net_00721,DfnGE3ZmZmvgJ3BTyZh6sUMzMEK6HnydfAypV8m9yfUv,2,2,sender
net_00391,8HSa3Ktvr7WAkLhCHxi8LqvN7kP4Upd1GFqZFcDnr5sX,2,2,sender
net_00393,8KjdBwz6Q3EYUDYmqfg33em3p9GFcP48v3ghJmw2KDNe,2,2,sender
net_00394,8MCKhFvQLuzW9BcESX2bouEit4StG7e9L3iUFZobUxjZ,2,2,sender
net_00354,7f71s3EriPyAazSWcr5BTBiFXiNgNBgjUn4mCdbT1xGr,2,2,sender
net_00352,7e6M9iGdpcspWYXRYMLJqLgUjvQu7FvrBm762DHNnHa6,2,2,sender
net_00317,777NtBUTG9tVu8Zp1YuuF3T2Hxi9cJzbbG67cHWi1aZ5,2,1,sender
net_00350,7aFWP9w6AKgcv16dsL8zZ6qysaYmdjhvjv7demw2GNAG,2,1,sender
net_00783,EfXsKpLEyos1pgDRYbYiE7sGjBCu2HXjUbVVYixLNw3x,2,2,sender
net_00319,786RhZVx8zj2gYcmYpdyddxnWZes2AKQfgceiALJvZaD,2,1,sender
net_00320,79jaStonziyG47PC5JcGX9GVTBUSKUQQ7fyCDSuQH5Fc,2,2,sender
net_00780,EdXgsJqVwoafwwaZfH2GCGrKVwL5boJPv7Wwhb62XPAU,2,1,sender
net_00321,79xfRyRBc8UQoXz2CMTWutG2AsBfFdJWpWJHjcwq3FHA,2,31,sender
net_00326,7EUM7odLbJmJLPmh1i5TKUPx42XyGNdLHd7q5otPu3xk,2,1,sender
net_00328,7FpqTKYRHaCL7j1JUD5UmHdS7fr9gfKwHejf4etoWJez,2,1,sender
net_00330,7JULSQyxhhTBzKjbAuDuxYYvcM4QgbkxErTRA5oz6pVg,2,2,sender
net_00332,7Man5U2uUxDEHgsr3PSkzdozTGwMecPWAzdsANFyXoMo,2,2,sender
net_00333,7N1VsYNDzzNAUx2JQcVcKtxRt8pj7u8UrJjPSYmwog7e,2,0,funder
net_00334,7NAd2EpYGGeFofpyvgehSXhH5vg6Ry6VRMW2Y6jiqCu1,2,2,sender
net_00771,ERutumXj3TV3mpXyo1TWsKJnsmJFaaszyux13EPesa4t,2,1,sender
net_00770,EReRGtpWtt3BYC86THEpkdaCp9ApZDqt5wrVBAE5hp4F,2,1,sender
net_00336,7NbRU1DQs9CdabPwCm2g2oteb8Pr2N1tXR4VQgrLEdeK,2,2,sender
net_00767,EPwUZ7mfqarynfszzDxD1zZMmUaNFvbikfLcuaCnCq5q,2,2,sender
net_00766,EPGAW2HWNidhS2tyQ3KNKEMAPxhHLFKfzsChSMb661W8,2,1,sender
net_00341,7UHiVbTBiJE4ixGPq3HunKdyrFdiwo5QNyc3gTN7MSLY,2,1,sender
net_00342,7USLWHA9KB6phdJVE9m2zsC8iRpwMJ1R63ari6YFVvMV,2,1,sender
net_00763,EMkhQXwMdxT4s41KXN9SLTTBHtegb9Dz3XwfcZxpEkYB,2,2,sender
net_00762,EJtWT38XrAFonkJfpdwCSnVVju6K5VRcc4VMTnV7szCA,2,1,sender
net_00343,7UbCuf6eBfwbtXHQNHJy2zYmiJ3Kt2BNGtYG4qcZUGME,2,1,sender
net_00758,EFSoAq5qMc1Ya6a59FaLWUbkNucL4nX6pJhX1PpswWtX,2,2,sender
net_00756,EEUDYyqfC1k9dYjaf89eEgejpczUmM8ioR3TMw5GD2gi,2,0,funder
net_00755,EDYFBe2yd28ejpJnzgRVkE6HkMwKCvYvvM5nULjR4Q75,2,1,sender
net_00349,7Zv2EbUFKWunPTa4AwCE16pV1cncqheUybKdDyQBSVn6,2,2,sender
net_00549,B3JyPD3t9ufZWfL3namyvoc258KH74JojSxxurUg9jCT,2,2,sender
